#,relative_path,filename,size_kb,view_link,direct_download_link,drive_id
1,AJK_Board/10th_Class/2nd_Annual_Supply/AJK_Board_10th_Class_2nd_Annual_Supply_2021.pdf,AJK_Board_10th_Class_2nd_Annual_Supply_2021.pdf,107.0,https://drive.google.com/file/d/1OvSDnyIAT2iJyVumvseQmg1awv0ezSMO/view,https://drive.google.com/uc?export=download&id=1OvSDnyIAT2iJyVumvseQmg1awv0ezSMO,1OvSDnyIAT2iJyVumvseQmg1awv0ezSMO
2,AJK_Board/10th_Class/2nd_Annual_Supply/AJK_Board_10th_Class_2nd_Annual_Supply_2022.pdf,AJK_Board_10th_Class_2nd_Annual_Supply_2022.pdf,107.0,https://drive.google.com/file/d/1JKH29yR5sghc5bgZTWyx_FmDYrff4CB7/view,https://drive.google.com/uc?export=download&id=1JKH29yR5sghc5bgZTWyx_FmDYrff4CB7,1JKH29yR5sghc5bgZTWyx_FmDYrff4CB7
3,AJK_Board/10th_Class/2nd_Annual_Supply/AJK_Board_10th_Class_2nd_Annual_Supply_2025.pdf,AJK_Board_10th_Class_2nd_Annual_Supply_2025.pdf,1678.1,https://drive.google.com/file/d/1W4o2sM0nibNHhqchMZWewlVqsUR2XgDK/view,https://drive.google.com/uc?export=download&id=1W4o2sM0nibNHhqchMZWewlVqsUR2XgDK,1W4o2sM0nibNHhqchMZWewlVqsUR2XgDK
4,AJK_Board/10th_Class/2nd_Annual_Supply/AJK_Board_10th_Class_2nd_Annual_Supply_2026.pdf,AJK_Board_10th_Class_2nd_Annual_Supply_2026.pdf,1678.1,https://drive.google.com/file/d/1ceQpY3s0iN4_JfW1cBKSEgQJuHC2n3up/view,https://drive.google.com/uc?export=download&id=1ceQpY3s0iN4_JfW1cBKSEgQJuHC2n3up,1ceQpY3s0iN4_JfW1cBKSEgQJuHC2n3up
5,AJK_Board/10th_Class/Annual/AJK_Board_10th_Class_Annual_2021.pdf,AJK_Board_10th_Class_Annual_2021.pdf,14035.8,https://drive.google.com/file/d/1JkbfhhAw2MiZLyk8Cy9BnJMb1NenS5Pe/view,https://drive.google.com/uc?export=download&id=1JkbfhhAw2MiZLyk8Cy9BnJMb1NenS5Pe,1JkbfhhAw2MiZLyk8Cy9BnJMb1NenS5Pe
6,AJK_Board/10th_Class/Annual/AJK_Board_10th_Class_Annual_2022.pdf,AJK_Board_10th_Class_Annual_2022.pdf,6337.9,https://drive.google.com/file/d/1IAP1nODJlHpKekf_mUYpqYVYa4UrPJbX/view,https://drive.google.com/uc?export=download&id=1IAP1nODJlHpKekf_mUYpqYVYa4UrPJbX,1IAP1nODJlHpKekf_mUYpqYVYa4UrPJbX
7,AJK_Board/10th_Class/Annual/AJK_Board_10th_Class_Annual_2023.pdf,AJK_Board_10th_Class_Annual_2023.pdf,8199.1,https://drive.google.com/file/d/1aheTiEN9Ny2kxNx1mmhLMTDy51Xh3NJb/view,https://drive.google.com/uc?export=download&id=1aheTiEN9Ny2kxNx1mmhLMTDy51Xh3NJb,1aheTiEN9Ny2kxNx1mmhLMTDy51Xh3NJb
8,AJK_Board/10th_Class/Annual/AJK_Board_10th_Class_Annual_2024.pdf,AJK_Board_10th_Class_Annual_2024.pdf,8027.7,https://drive.google.com/file/d/1fTX1YFT_5kjTRRipacm3KmCdJNy6riCT/view,https://drive.google.com/uc?export=download&id=1fTX1YFT_5kjTRRipacm3KmCdJNy6riCT,1fTX1YFT_5kjTRRipacm3KmCdJNy6riCT
9,AJK_Board/10th_Class/Annual/AJK_Board_10th_Class_Annual_2025.pdf,AJK_Board_10th_Class_Annual_2025.pdf,13379.6,https://drive.google.com/file/d/1P5Iqeypl63dRXgb9F16hxIZMoXG142Od/view,https://drive.google.com/uc?export=download&id=1P5Iqeypl63dRXgb9F16hxIZMoXG142Od,1P5Iqeypl63dRXgb9F16hxIZMoXG142Od
10,AJK_Board/10th_Class/Annual/AJK_Board_10th_Class_Annual_2026.pdf,AJK_Board_10th_Class_Annual_2026.pdf,6698.9,https://drive.google.com/file/d/1p1NCju6X4w2phTzn08uUwZrtVUQWUOGk/view,https://drive.google.com/uc?export=download&id=1p1NCju6X4w2phTzn08uUwZrtVUQWUOGk,1p1NCju6X4w2phTzn08uUwZrtVUQWUOGk
11,AJK_Board/11th_Class/2nd_Annual_Supply/AJK_Board_11th_Class_2nd_Annual_Supply_2021.pdf,AJK_Board_11th_Class_2nd_Annual_Supply_2021.pdf,331.7,https://drive.google.com/file/d/1TYikZ4S5EoyZLMjtY7eKMbPUpVvRHQZF/view,https://drive.google.com/uc?export=download&id=1TYikZ4S5EoyZLMjtY7eKMbPUpVvRHQZF,1TYikZ4S5EoyZLMjtY7eKMbPUpVvRHQZF
12,AJK_Board/11th_Class/2nd_Annual_Supply/AJK_Board_11th_Class_2nd_Annual_Supply_2022.pdf,AJK_Board_11th_Class_2nd_Annual_Supply_2022.pdf,331.7,https://drive.google.com/file/d/1CF6ugZ1vWwDQvLH7tyG-BYZ6zkcE09Le/view,https://drive.google.com/uc?export=download&id=1CF6ugZ1vWwDQvLH7tyG-BYZ6zkcE09Le,1CF6ugZ1vWwDQvLH7tyG-BYZ6zkcE09Le
13,AJK_Board/11th_Class/2nd_Annual_Supply/AJK_Board_11th_Class_2nd_Annual_Supply_2024.pdf,AJK_Board_11th_Class_2nd_Annual_Supply_2024.pdf,3471.4,https://drive.google.com/file/d/1s0PbQpjVGu7rzWxRtk7y7oXGb9qZ3rbD/view,https://drive.google.com/uc?export=download&id=1s0PbQpjVGu7rzWxRtk7y7oXGb9qZ3rbD,1s0PbQpjVGu7rzWxRtk7y7oXGb9qZ3rbD
14,AJK_Board/11th_Class/2nd_Annual_Supply/AJK_Board_11th_Class_2nd_Annual_Supply_2025.pdf,AJK_Board_11th_Class_2nd_Annual_Supply_2025.pdf,1599.3,https://drive.google.com/file/d/1eP6uCa0z1sbuPehgK_bnjFGVx87Kk-AU/view,https://drive.google.com/uc?export=download&id=1eP6uCa0z1sbuPehgK_bnjFGVx87Kk-AU,1eP6uCa0z1sbuPehgK_bnjFGVx87Kk-AU
15,AJK_Board/11th_Class/2nd_Annual_Supply/AJK_Board_11th_Class_2nd_Annual_Supply_2026.pdf,AJK_Board_11th_Class_2nd_Annual_Supply_2026.pdf,1599.3,https://drive.google.com/file/d/1djRXkCafwLvkLzPBvb5axbk9gTdBJ-We/view,https://drive.google.com/uc?export=download&id=1djRXkCafwLvkLzPBvb5axbk9gTdBJ-We,1djRXkCafwLvkLzPBvb5axbk9gTdBJ-We
16,AJK_Board/11th_Class/Annual/AJK_Board_11th_Class_Annual_2021.pdf,AJK_Board_11th_Class_Annual_2021.pdf,1717.7,https://drive.google.com/file/d/1HQG6EnbB6_uLOWBHLTm8Sy80YA3P3KGc/view,https://drive.google.com/uc?export=download&id=1HQG6EnbB6_uLOWBHLTm8Sy80YA3P3KGc,1HQG6EnbB6_uLOWBHLTm8Sy80YA3P3KGc
17,AJK_Board/11th_Class/Annual/AJK_Board_11th_Class_Annual_2022.pdf,AJK_Board_11th_Class_Annual_2022.pdf,2675.9,https://drive.google.com/file/d/1iUDrlO9iqBZYIeGc3Jwc3wj4SUV3D3Kc/view,https://drive.google.com/uc?export=download&id=1iUDrlO9iqBZYIeGc3Jwc3wj4SUV3D3Kc,1iUDrlO9iqBZYIeGc3Jwc3wj4SUV3D3Kc
18,AJK_Board/11th_Class/Annual/AJK_Board_11th_Class_Annual_2023.pdf,AJK_Board_11th_Class_Annual_2023.pdf,2553.2,https://drive.google.com/file/d/1Db7G1aJAGrGs7-biKgUHQU0UHN85CFbK/view,https://drive.google.com/uc?export=download&id=1Db7G1aJAGrGs7-biKgUHQU0UHN85CFbK,1Db7G1aJAGrGs7-biKgUHQU0UHN85CFbK
19,AJK_Board/11th_Class/Annual/AJK_Board_11th_Class_Annual_2024.pdf,AJK_Board_11th_Class_Annual_2024.pdf,3067.9,https://drive.google.com/file/d/1MF7dUkbFF4cgQeTe8AGlvoTo-pf2TAWV/view,https://drive.google.com/uc?export=download&id=1MF7dUkbFF4cgQeTe8AGlvoTo-pf2TAWV,1MF7dUkbFF4cgQeTe8AGlvoTo-pf2TAWV
20,AJK_Board/11th_Class/Annual/AJK_Board_11th_Class_Annual_2025.pdf,AJK_Board_11th_Class_Annual_2025.pdf,2232.3,https://drive.google.com/file/d/1Yy6L9hMxQ6ch12wSzg1FLlcap3Y-e3Hv/view,https://drive.google.com/uc?export=download&id=1Yy6L9hMxQ6ch12wSzg1FLlcap3Y-e3Hv,1Yy6L9hMxQ6ch12wSzg1FLlcap3Y-e3Hv
21,AJK_Board/11th_Class/Annual/AJK_Board_11th_Class_Annual_2026.pdf,AJK_Board_11th_Class_Annual_2026.pdf,2232.3,https://drive.google.com/file/d/1yZrIAi7OypuT5vtbhqgb5BNwf1sKZBVL/view,https://drive.google.com/uc?export=download&id=1yZrIAi7OypuT5vtbhqgb5BNwf1sKZBVL,1yZrIAi7OypuT5vtbhqgb5BNwf1sKZBVL
22,AJK_Board/12th_Class/2nd_Annual_Supply/AJK_Board_12th_Class_2nd_Annual_Supply_2021.pdf,AJK_Board_12th_Class_2nd_Annual_Supply_2021.pdf,253.8,https://drive.google.com/file/d/11alPDic5F0FAre4U7nKA4MmPse5jAEWd/view,https://drive.google.com/uc?export=download&id=11alPDic5F0FAre4U7nKA4MmPse5jAEWd,11alPDic5F0FAre4U7nKA4MmPse5jAEWd
23,AJK_Board/12th_Class/2nd_Annual_Supply/AJK_Board_12th_Class_2nd_Annual_Supply_2022.pdf,AJK_Board_12th_Class_2nd_Annual_Supply_2022.pdf,993.8,https://drive.google.com/file/d/1E68l52-y7UIyPig4O7oYv6PvWQ8LQc_5/view,https://drive.google.com/uc?export=download&id=1E68l52-y7UIyPig4O7oYv6PvWQ8LQc_5,1E68l52-y7UIyPig4O7oYv6PvWQ8LQc_5
24,AJK_Board/12th_Class/2nd_Annual_Supply/AJK_Board_12th_Class_2nd_Annual_Supply_2023.pdf,AJK_Board_12th_Class_2nd_Annual_Supply_2023.pdf,1393.5,https://drive.google.com/file/d/1fcJ1mGVohQXv_Bi4G3G5V8i0WY0FLWpq/view,https://drive.google.com/uc?export=download&id=1fcJ1mGVohQXv_Bi4G3G5V8i0WY0FLWpq,1fcJ1mGVohQXv_Bi4G3G5V8i0WY0FLWpq
25,AJK_Board/12th_Class/2nd_Annual_Supply/AJK_Board_12th_Class_2nd_Annual_Supply_2024.pdf,AJK_Board_12th_Class_2nd_Annual_Supply_2024.pdf,5012.7,https://drive.google.com/file/d/1a67dFofFLMp03cc68I9yb908zhDPVhJT/view,https://drive.google.com/uc?export=download&id=1a67dFofFLMp03cc68I9yb908zhDPVhJT,1a67dFofFLMp03cc68I9yb908zhDPVhJT
26,AJK_Board/12th_Class/2nd_Annual_Supply/AJK_Board_12th_Class_2nd_Annual_Supply_2025.pdf,AJK_Board_12th_Class_2nd_Annual_Supply_2025.pdf,1266.9,https://drive.google.com/file/d/1HHwYOMmOY8JaCaBebw0Kq4iwwn11CiXo/view,https://drive.google.com/uc?export=download&id=1HHwYOMmOY8JaCaBebw0Kq4iwwn11CiXo,1HHwYOMmOY8JaCaBebw0Kq4iwwn11CiXo
27,AJK_Board/12th_Class/2nd_Annual_Supply/AJK_Board_12th_Class_2nd_Annual_Supply_2026.pdf,AJK_Board_12th_Class_2nd_Annual_Supply_2026.pdf,1266.9,https://drive.google.com/file/d/1RVlFK8rKYtyCBCwd6s0DgqvM53w6Vmyr/view,https://drive.google.com/uc?export=download&id=1RVlFK8rKYtyCBCwd6s0DgqvM53w6Vmyr,1RVlFK8rKYtyCBCwd6s0DgqvM53w6Vmyr
28,AJK_Board/12th_Class/Annual/AJK_Board_12th_Class_Annual_2021.pdf,AJK_Board_12th_Class_Annual_2021.pdf,4711.1,https://drive.google.com/file/d/136HYj-H6pJPQZKBeAEIDPhUzUOQVZDkl/view,https://drive.google.com/uc?export=download&id=136HYj-H6pJPQZKBeAEIDPhUzUOQVZDkl,136HYj-H6pJPQZKBeAEIDPhUzUOQVZDkl
29,AJK_Board/12th_Class/Annual/AJK_Board_12th_Class_Annual_2022.pdf,AJK_Board_12th_Class_Annual_2022.pdf,6515.2,https://drive.google.com/file/d/1hDdZxCoZKESLYYrHKuoFxvVrH9EFeHeo/view,https://drive.google.com/uc?export=download&id=1hDdZxCoZKESLYYrHKuoFxvVrH9EFeHeo,1hDdZxCoZKESLYYrHKuoFxvVrH9EFeHeo
30,AJK_Board/12th_Class/Annual/AJK_Board_12th_Class_Annual_2023.pdf,AJK_Board_12th_Class_Annual_2023.pdf,6378.1,https://drive.google.com/file/d/1xwwyF6bI4dTK50RaGt-6Jc85nhfTEbRO/view,https://drive.google.com/uc?export=download&id=1xwwyF6bI4dTK50RaGt-6Jc85nhfTEbRO,1xwwyF6bI4dTK50RaGt-6Jc85nhfTEbRO
31,AJK_Board/12th_Class/Annual/AJK_Board_12th_Class_Annual_2024.pdf,AJK_Board_12th_Class_Annual_2024.pdf,6345.1,https://drive.google.com/file/d/1sVojzxkceQkg4sqfNDlFsypgqx4IIUMD/view,https://drive.google.com/uc?export=download&id=1sVojzxkceQkg4sqfNDlFsypgqx4IIUMD,1sVojzxkceQkg4sqfNDlFsypgqx4IIUMD
32,AJK_Board/12th_Class/Annual/AJK_Board_12th_Class_Annual_2025.pdf,AJK_Board_12th_Class_Annual_2025.pdf,12447.1,https://drive.google.com/file/d/1ofzIXKEF2c3j4PquXDTKi4sslBvyvcxr/view,https://drive.google.com/uc?export=download&id=1ofzIXKEF2c3j4PquXDTKi4sslBvyvcxr,1ofzIXKEF2c3j4PquXDTKi4sslBvyvcxr
33,AJK_Board/12th_Class/Annual/AJK_Board_12th_Class_Annual_2026.pdf,AJK_Board_12th_Class_Annual_2026.pdf,12447.1,https://drive.google.com/file/d/1zGsYFJ131tCDfC8mh2zZhOZeoTN73_mC/view,https://drive.google.com/uc?export=download&id=1zGsYFJ131tCDfC8mh2zZhOZeoTN73_mC,1zGsYFJ131tCDfC8mh2zZhOZeoTN73_mC
34,AJK_Board/9th_Class/2nd_Annual_Supply/AJK_Board_9th_Class_2nd_Annual_Supply_2021.pdf,AJK_Board_9th_Class_2nd_Annual_Supply_2021.pdf,210.6,https://drive.google.com/file/d/1pG_p8bIoT-IVA4pcWThnoTNZlUD7RiPS/view,https://drive.google.com/uc?export=download&id=1pG_p8bIoT-IVA4pcWThnoTNZlUD7RiPS,1pG_p8bIoT-IVA4pcWThnoTNZlUD7RiPS
35,AJK_Board/9th_Class/2nd_Annual_Supply/AJK_Board_9th_Class_2nd_Annual_Supply_2022.pdf,AJK_Board_9th_Class_2nd_Annual_Supply_2022.pdf,210.6,https://drive.google.com/file/d/1KOM4dokw96dX8ObyWJQHaS1iZyE8wouC/view,https://drive.google.com/uc?export=download&id=1KOM4dokw96dX8ObyWJQHaS1iZyE8wouC,1KOM4dokw96dX8ObyWJQHaS1iZyE8wouC
36,AJK_Board/9th_Class/2nd_Annual_Supply/AJK_Board_9th_Class_2nd_Annual_Supply_2024.pdf,AJK_Board_9th_Class_2nd_Annual_Supply_2024.pdf,3088.0,https://drive.google.com/file/d/17cawjmmmry1v1Dmk5EHUsvHSeUbZMcT2/view,https://drive.google.com/uc?export=download&id=17cawjmmmry1v1Dmk5EHUsvHSeUbZMcT2,17cawjmmmry1v1Dmk5EHUsvHSeUbZMcT2
37,AJK_Board/9th_Class/2nd_Annual_Supply/AJK_Board_9th_Class_2nd_Annual_Supply_2025.pdf,AJK_Board_9th_Class_2nd_Annual_Supply_2025.pdf,2594.9,https://drive.google.com/file/d/1vblipxVShkczIZ_mrO_NhJ7mkvT5uxQL/view,https://drive.google.com/uc?export=download&id=1vblipxVShkczIZ_mrO_NhJ7mkvT5uxQL,1vblipxVShkczIZ_mrO_NhJ7mkvT5uxQL
38,AJK_Board/9th_Class/2nd_Annual_Supply/AJK_Board_9th_Class_2nd_Annual_Supply_2026.pdf,AJK_Board_9th_Class_2nd_Annual_Supply_2026.pdf,2594.9,https://drive.google.com/file/d/1J8vsyPaVDdvI1f7bIU9KpZEhAgEMjxMi/view,https://drive.google.com/uc?export=download&id=1J8vsyPaVDdvI1f7bIU9KpZEhAgEMjxMi,1J8vsyPaVDdvI1f7bIU9KpZEhAgEMjxMi
39,AJK_Board/9th_Class/Annual/AJK_Board_9th_Class_Annual_2021.pdf,AJK_Board_9th_Class_Annual_2021.pdf,5041.9,https://drive.google.com/file/d/1jNun_dL261-vACJOmj82NcLLChQQs8o0/view,https://drive.google.com/uc?export=download&id=1jNun_dL261-vACJOmj82NcLLChQQs8o0,1jNun_dL261-vACJOmj82NcLLChQQs8o0
40,AJK_Board/9th_Class/Annual/AJK_Board_9th_Class_Annual_2022.pdf,AJK_Board_9th_Class_Annual_2022.pdf,9560.5,https://drive.google.com/file/d/1BFVa5VASPewqJNS_UOwHiYIxaHGT64Zu/view,https://drive.google.com/uc?export=download&id=1BFVa5VASPewqJNS_UOwHiYIxaHGT64Zu,1BFVa5VASPewqJNS_UOwHiYIxaHGT64Zu
41,AJK_Board/9th_Class/Annual/AJK_Board_9th_Class_Annual_2023.pdf,AJK_Board_9th_Class_Annual_2023.pdf,6075.7,https://drive.google.com/file/d/1P_HH5MAct9OzY9etDGzApD1gB_d-9oIO/view,https://drive.google.com/uc?export=download&id=1P_HH5MAct9OzY9etDGzApD1gB_d-9oIO,1P_HH5MAct9OzY9etDGzApD1gB_d-9oIO
42,AJK_Board/9th_Class/Annual/AJK_Board_9th_Class_Annual_2024.pdf,AJK_Board_9th_Class_Annual_2024.pdf,5209.4,https://drive.google.com/file/d/1gY6snf65qzmwXgjTWZj-vlwWg2tLXFNU/view,https://drive.google.com/uc?export=download&id=1gY6snf65qzmwXgjTWZj-vlwWg2tLXFNU,1gY6snf65qzmwXgjTWZj-vlwWg2tLXFNU
43,AJK_Board/9th_Class/Annual/AJK_Board_9th_Class_Annual_2025.pdf,AJK_Board_9th_Class_Annual_2025.pdf,10350.5,https://drive.google.com/file/d/17QIRgee1jGB7oyvlabpzdOEQ9uH8Yknj/view,https://drive.google.com/uc?export=download&id=17QIRgee1jGB7oyvlabpzdOEQ9uH8Yknj,17QIRgee1jGB7oyvlabpzdOEQ9uH8Yknj
44,AJK_Board/9th_Class/Annual/AJK_Board_9th_Class_Annual_2026.pdf,AJK_Board_9th_Class_Annual_2026.pdf,10350.5,https://drive.google.com/file/d/1SJiEMGgkheTXfYhc2RUx0RhZ9T8Y7ovc/view,https://drive.google.com/uc?export=download&id=1SJiEMGgkheTXfYhc2RUx0RhZ9T8Y7ovc,1SJiEMGgkheTXfYhc2RUx0RhZ9T8Y7ovc
45,BISE_Abbottabad/10th_Class/Annual/BISE_Abbottabad_10th_Class_Annual_2022.pdf,BISE_Abbottabad_10th_Class_Annual_2022.pdf,6484.3,https://drive.google.com/file/d/1tX5jzurjLa_u5SwHMwVo-1GC8oTRGc2P/view,https://drive.google.com/uc?export=download&id=1tX5jzurjLa_u5SwHMwVo-1GC8oTRGc2P,1tX5jzurjLa_u5SwHMwVo-1GC8oTRGc2P
46,BISE_Abbottabad/10th_Class/Annual/BISE_Abbottabad_10th_Class_Annual_2023.pdf,BISE_Abbottabad_10th_Class_Annual_2023.pdf,10209.7,https://drive.google.com/file/d/1B49cIkTGZJeEO9xItai1pm5XAky7apPK/view,https://drive.google.com/uc?export=download&id=1B49cIkTGZJeEO9xItai1pm5XAky7apPK,1B49cIkTGZJeEO9xItai1pm5XAky7apPK
47,BISE_Abbottabad/10th_Class/Annual/BISE_Abbottabad_10th_Class_Annual_2024.pdf,BISE_Abbottabad_10th_Class_Annual_2024.pdf,9623.9,https://drive.google.com/file/d/1zWaKgt_QfPQlz7D5K2jgpG6jiXdjCpF6/view,https://drive.google.com/uc?export=download&id=1zWaKgt_QfPQlz7D5K2jgpG6jiXdjCpF6,1zWaKgt_QfPQlz7D5K2jgpG6jiXdjCpF6
48,BISE_Abbottabad/10th_Class/Annual/BISE_Abbottabad_10th_Class_Annual_2025.pdf,BISE_Abbottabad_10th_Class_Annual_2025.pdf,16166.7,https://drive.google.com/file/d/19rqOaKZt2RzY3mWc9fSfGAczkDlgJMlp/view,https://drive.google.com/uc?export=download&id=19rqOaKZt2RzY3mWc9fSfGAczkDlgJMlp,19rqOaKZt2RzY3mWc9fSfGAczkDlgJMlp
49,BISE_Abbottabad/10th_Class/Annual/BISE_Abbottabad_10th_Class_Annual_2026.pdf,BISE_Abbottabad_10th_Class_Annual_2026.pdf,8268.6,https://drive.google.com/file/d/1TjaKnZzZF06Up2qOXFB8X7AFrFgLkCMi/view,https://drive.google.com/uc?export=download&id=1TjaKnZzZF06Up2qOXFB8X7AFrFgLkCMi,1TjaKnZzZF06Up2qOXFB8X7AFrFgLkCMi
50,BISE_Abbottabad/9th_Class/Annual/BISE_Abbottabad_9th_Class_Annual_2022.pdf,BISE_Abbottabad_9th_Class_Annual_2022.pdf,6267.1,https://drive.google.com/file/d/1rEQvCzia_fsKLfTgBXvnyy9ksIdcWpmL/view,https://drive.google.com/uc?export=download&id=1rEQvCzia_fsKLfTgBXvnyy9ksIdcWpmL,1rEQvCzia_fsKLfTgBXvnyy9ksIdcWpmL
51,BISE_Abbottabad/9th_Class/Annual/BISE_Abbottabad_9th_Class_Annual_2023.pdf,BISE_Abbottabad_9th_Class_Annual_2023.pdf,10792.8,https://drive.google.com/file/d/1kW3mPx6mUk1UYwUw8RsigQq5infxep1S/view,https://drive.google.com/uc?export=download&id=1kW3mPx6mUk1UYwUw8RsigQq5infxep1S,1kW3mPx6mUk1UYwUw8RsigQq5infxep1S
52,BISE_Abbottabad/9th_Class/Annual/BISE_Abbottabad_9th_Class_Annual_2024.pdf,BISE_Abbottabad_9th_Class_Annual_2024.pdf,9051.8,https://drive.google.com/file/d/1BggCiYWoUoTE2It-4ZRvhx9znebevCGk/view,https://drive.google.com/uc?export=download&id=1BggCiYWoUoTE2It-4ZRvhx9znebevCGk,1BggCiYWoUoTE2It-4ZRvhx9znebevCGk
53,BISE_Abbottabad/9th_Class/Annual/BISE_Abbottabad_9th_Class_Annual_2025.pdf,BISE_Abbottabad_9th_Class_Annual_2025.pdf,16046.2,https://drive.google.com/file/d/1CnxLpgT5T6O5t0cjeLoz4zjirbzTQ7eA/view,https://drive.google.com/uc?export=download&id=1CnxLpgT5T6O5t0cjeLoz4zjirbzTQ7eA,1CnxLpgT5T6O5t0cjeLoz4zjirbzTQ7eA
54,BISE_Abbottabad/9th_Class/Annual/BISE_Abbottabad_9th_Class_Annual_2026.pdf,BISE_Abbottabad_9th_Class_Annual_2026.pdf,10756.5,https://drive.google.com/file/d/1NZFJ_hMnVatczelnT1pcnVap9SjPY-Q3/view,https://drive.google.com/uc?export=download&id=1NZFJ_hMnVatczelnT1pcnVap9SjPY-Q3,1NZFJ_hMnVatczelnT1pcnVap9SjPY-Q3
55,BISE_Bahawalpur/10th_Class/2nd_Annual_Supply/BISE_Bahawalpur_10th_Class_2nd_Annual_Supply_2023.pdf,BISE_Bahawalpur_10th_Class_2nd_Annual_Supply_2023.pdf,3918.8,https://drive.google.com/file/d/1PxUGg6KOu_sGS2IjiP2ksivRXPpNYUBf/view,https://drive.google.com/uc?export=download&id=1PxUGg6KOu_sGS2IjiP2ksivRXPpNYUBf,1PxUGg6KOu_sGS2IjiP2ksivRXPpNYUBf
56,BISE_Bahawalpur/10th_Class/2nd_Annual_Supply/BISE_Bahawalpur_10th_Class_2nd_Annual_Supply_2025.pdf,BISE_Bahawalpur_10th_Class_2nd_Annual_Supply_2025.pdf,22217.5,https://drive.google.com/file/d/1wlCruQoczfiQuMW3SFZZlxbSUHWQQ6n0/view,https://drive.google.com/uc?export=download&id=1wlCruQoczfiQuMW3SFZZlxbSUHWQQ6n0,1wlCruQoczfiQuMW3SFZZlxbSUHWQQ6n0
57,BISE_Bahawalpur/10th_Class/Annual/BISE_Bahawalpur_10th_Class_Annual_2021.pdf,BISE_Bahawalpur_10th_Class_Annual_2021.pdf,10720.0,https://drive.google.com/file/d/12rJae6xsGDxIysVHR6L6aFoeA-mQwOOA/view,https://drive.google.com/uc?export=download&id=12rJae6xsGDxIysVHR6L6aFoeA-mQwOOA,12rJae6xsGDxIysVHR6L6aFoeA-mQwOOA
58,BISE_Bahawalpur/10th_Class/Annual/BISE_Bahawalpur_10th_Class_Annual_2022.pdf,BISE_Bahawalpur_10th_Class_Annual_2022.pdf,15404.0,https://drive.google.com/file/d/1O2uZvkXPch7qgZAf_1lzKYArjPQGdI4Z/view,https://drive.google.com/uc?export=download&id=1O2uZvkXPch7qgZAf_1lzKYArjPQGdI4Z,1O2uZvkXPch7qgZAf_1lzKYArjPQGdI4Z
59,BISE_Bahawalpur/10th_Class/Annual/BISE_Bahawalpur_10th_Class_Annual_2022_2nd-annual.pdf,BISE_Bahawalpur_10th_Class_Annual_2022_2nd-annual.pdf,5467.0,https://drive.google.com/file/d/1mbwxMAK0S6pTvpf-v4DY5la9QcMI-chx/view,https://drive.google.com/uc?export=download&id=1mbwxMAK0S6pTvpf-v4DY5la9QcMI-chx,1mbwxMAK0S6pTvpf-v4DY5la9QcMI-chx
60,BISE_Bahawalpur/10th_Class/Annual/BISE_Bahawalpur_10th_Class_Annual_2023.pdf,BISE_Bahawalpur_10th_Class_Annual_2023.pdf,15577.2,https://drive.google.com/file/d/1FUuHwlncdFfxoQo1q4xNVH6HQncpjwRl/view,https://drive.google.com/uc?export=download&id=1FUuHwlncdFfxoQo1q4xNVH6HQncpjwRl,1FUuHwlncdFfxoQo1q4xNVH6HQncpjwRl
61,BISE_Bahawalpur/10th_Class/Annual/BISE_Bahawalpur_10th_Class_Annual_2024.pdf,BISE_Bahawalpur_10th_Class_Annual_2024.pdf,16556.9,https://drive.google.com/file/d/1z7IKicNe_TAq9O0OrHmLAAH7x0jbAmWL/view,https://drive.google.com/uc?export=download&id=1z7IKicNe_TAq9O0OrHmLAAH7x0jbAmWL,1z7IKicNe_TAq9O0OrHmLAAH7x0jbAmWL
62,BISE_Bahawalpur/10th_Class/Annual/BISE_Bahawalpur_10th_Class_Annual_2025.pdf,BISE_Bahawalpur_10th_Class_Annual_2025.pdf,47317.9,https://drive.google.com/file/d/1TuRegHFmcF1bLriqZuPPTxnRUbvWI3YZ/view,https://drive.google.com/uc?export=download&id=1TuRegHFmcF1bLriqZuPPTxnRUbvWI3YZ,1TuRegHFmcF1bLriqZuPPTxnRUbvWI3YZ
63,BISE_Bahawalpur/10th_Class/Annual/BISE_Bahawalpur_10th_Class_Annual_2026.pdf,BISE_Bahawalpur_10th_Class_Annual_2026.pdf,90458.6,https://drive.google.com/file/d/1Ir5xkcDJe7CRSpXkAvTRGRqV3meGA4tN/view,https://drive.google.com/uc?export=download&id=1Ir5xkcDJe7CRSpXkAvTRGRqV3meGA4tN,1Ir5xkcDJe7CRSpXkAvTRGRqV3meGA4tN
64,BISE_Bahawalpur/11th_Class/2nd_Annual_Supply/BISE_Bahawalpur_11th_Class_2nd_Annual_Supply_2025.pdf,BISE_Bahawalpur_11th_Class_2nd_Annual_Supply_2025.pdf,12689.5,https://drive.google.com/file/d/1Bp278_S1XK-BmzNeDUhTN-xO-q83J7hM/view,https://drive.google.com/uc?export=download&id=1Bp278_S1XK-BmzNeDUhTN-xO-q83J7hM,1Bp278_S1XK-BmzNeDUhTN-xO-q83J7hM
65,BISE_Bahawalpur/11th_Class/2nd_Annual_Supply/BISE_Bahawalpur_11th_Class_2nd_Annual_Supply_2026.pdf,BISE_Bahawalpur_11th_Class_2nd_Annual_Supply_2026.pdf,12689.5,https://drive.google.com/file/d/1ATCuqKQW-BEmPT5whdztAAmlsFwgC-Se/view,https://drive.google.com/uc?export=download&id=1ATCuqKQW-BEmPT5whdztAAmlsFwgC-Se,1ATCuqKQW-BEmPT5whdztAAmlsFwgC-Se
66,BISE_Bahawalpur/11th_Class/Annual/BISE_Bahawalpur_11th_Class_Annual_2022.pdf,BISE_Bahawalpur_11th_Class_Annual_2022.pdf,8695.6,https://drive.google.com/file/d/1z3GgwVE_XnQhtx-ciSeT7YYRnnleUVs8/view,https://drive.google.com/uc?export=download&id=1z3GgwVE_XnQhtx-ciSeT7YYRnnleUVs8,1z3GgwVE_XnQhtx-ciSeT7YYRnnleUVs8
67,BISE_Bahawalpur/11th_Class/Annual/BISE_Bahawalpur_11th_Class_Annual_2023.pdf,BISE_Bahawalpur_11th_Class_Annual_2023.pdf,13019.9,https://drive.google.com/file/d/1Jyh5RKWJ03xb1-mPnHyh91CPWsIRwmgt/view,https://drive.google.com/uc?export=download&id=1Jyh5RKWJ03xb1-mPnHyh91CPWsIRwmgt,1Jyh5RKWJ03xb1-mPnHyh91CPWsIRwmgt
68,BISE_Bahawalpur/11th_Class/Annual/BISE_Bahawalpur_11th_Class_Annual_2024.pdf,BISE_Bahawalpur_11th_Class_Annual_2024.pdf,12739.5,https://drive.google.com/file/d/1g3g0fTyKAXMqzWCQun1IuSx4Xtn461nN/view,https://drive.google.com/uc?export=download&id=1g3g0fTyKAXMqzWCQun1IuSx4Xtn461nN,1g3g0fTyKAXMqzWCQun1IuSx4Xtn461nN
69,BISE_Bahawalpur/11th_Class/Annual/BISE_Bahawalpur_11th_Class_Annual_2025.pdf,BISE_Bahawalpur_11th_Class_Annual_2025.pdf,16439.7,https://drive.google.com/file/d/1o9unFq4tz0VNCeD2Zm3YsQkrFKzyasf_/view,https://drive.google.com/uc?export=download&id=1o9unFq4tz0VNCeD2Zm3YsQkrFKzyasf_,1o9unFq4tz0VNCeD2Zm3YsQkrFKzyasf_
70,BISE_Bahawalpur/12th_Class/2nd_Annual_Supply/BISE_Bahawalpur_12th_Class_2nd_Annual_Supply_2025.pdf,BISE_Bahawalpur_12th_Class_2nd_Annual_Supply_2025.pdf,12689.5,https://drive.google.com/file/d/152njFejJNEMNSSt8VINxI88rZ9fwTh3L/view,https://drive.google.com/uc?export=download&id=152njFejJNEMNSSt8VINxI88rZ9fwTh3L,152njFejJNEMNSSt8VINxI88rZ9fwTh3L
71,BISE_Bahawalpur/12th_Class/2nd_Annual_Supply/BISE_Bahawalpur_12th_Class_2nd_Annual_Supply_2026.pdf,BISE_Bahawalpur_12th_Class_2nd_Annual_Supply_2026.pdf,12689.5,https://drive.google.com/file/d/1amFxWZ5nuOkAvs4RSCRt8EeDWx0VFpCs/view,https://drive.google.com/uc?export=download&id=1amFxWZ5nuOkAvs4RSCRt8EeDWx0VFpCs,1amFxWZ5nuOkAvs4RSCRt8EeDWx0VFpCs
72,BISE_Bahawalpur/12th_Class/Annual/BISE_Bahawalpur_12th_Class_Annual_2022.pdf,BISE_Bahawalpur_12th_Class_Annual_2022.pdf,8695.6,https://drive.google.com/file/d/1vGhnPHQxQFzzntYJtLfrMyAX6_mT97ec/view,https://drive.google.com/uc?export=download&id=1vGhnPHQxQFzzntYJtLfrMyAX6_mT97ec,1vGhnPHQxQFzzntYJtLfrMyAX6_mT97ec
73,BISE_Bahawalpur/12th_Class/Annual/BISE_Bahawalpur_12th_Class_Annual_2023.pdf,BISE_Bahawalpur_12th_Class_Annual_2023.pdf,13019.9,https://drive.google.com/file/d/1wo_uhbdkEyJ8PdEl5WGjbzkgH3ZltO16/view,https://drive.google.com/uc?export=download&id=1wo_uhbdkEyJ8PdEl5WGjbzkgH3ZltO16,1wo_uhbdkEyJ8PdEl5WGjbzkgH3ZltO16
74,BISE_Bahawalpur/12th_Class/Annual/BISE_Bahawalpur_12th_Class_Annual_2024.pdf,BISE_Bahawalpur_12th_Class_Annual_2024.pdf,12739.5,https://drive.google.com/file/d/1a8WKfS_7yerjHnh1bkolKOwD7pAj-6sS/view,https://drive.google.com/uc?export=download&id=1a8WKfS_7yerjHnh1bkolKOwD7pAj-6sS,1a8WKfS_7yerjHnh1bkolKOwD7pAj-6sS
75,BISE_Bahawalpur/12th_Class/Annual/BISE_Bahawalpur_12th_Class_Annual_2025.pdf,BISE_Bahawalpur_12th_Class_Annual_2025.pdf,16439.7,https://drive.google.com/file/d/1ZUouMzdGiSEnazy52QBGdf--F1S3aXVQ/view,https://drive.google.com/uc?export=download&id=1ZUouMzdGiSEnazy52QBGdf--F1S3aXVQ,1ZUouMzdGiSEnazy52QBGdf--F1S3aXVQ
76,BISE_Bahawalpur/9th_Class/2nd_Annual_Supply/BISE_Bahawalpur_9th_Class_2nd_Annual_Supply_2023.pdf,BISE_Bahawalpur_9th_Class_2nd_Annual_Supply_2023.pdf,3918.8,https://drive.google.com/file/d/1UGbjO-qu_LCJLxAOzfjTYGKMwHsJQ6LK/view,https://drive.google.com/uc?export=download&id=1UGbjO-qu_LCJLxAOzfjTYGKMwHsJQ6LK,1UGbjO-qu_LCJLxAOzfjTYGKMwHsJQ6LK
77,BISE_Bahawalpur/9th_Class/2nd_Annual_Supply/BISE_Bahawalpur_9th_Class_2nd_Annual_Supply_2025.pdf,BISE_Bahawalpur_9th_Class_2nd_Annual_Supply_2025.pdf,22217.5,https://drive.google.com/file/d/18ENDlzOuH0nTX1FczimZkKp94yFo8-wB/view,https://drive.google.com/uc?export=download&id=18ENDlzOuH0nTX1FczimZkKp94yFo8-wB,18ENDlzOuH0nTX1FczimZkKp94yFo8-wB
78,BISE_Bahawalpur/9th_Class/Annual/BISE_Bahawalpur_9th_Class_Annual_2021.pdf,BISE_Bahawalpur_9th_Class_Annual_2021.pdf,10720.0,https://drive.google.com/file/d/1SIOKXjM5bxVSkaNrrCp3SG5GUgfNbj9-/view,https://drive.google.com/uc?export=download&id=1SIOKXjM5bxVSkaNrrCp3SG5GUgfNbj9-,1SIOKXjM5bxVSkaNrrCp3SG5GUgfNbj9-
79,BISE_Bahawalpur/9th_Class/Annual/BISE_Bahawalpur_9th_Class_Annual_2022.pdf,BISE_Bahawalpur_9th_Class_Annual_2022.pdf,15404.0,https://drive.google.com/file/d/1IrDQOUs8SuHgEfdHoBtlEVZuo3PNl9kL/view,https://drive.google.com/uc?export=download&id=1IrDQOUs8SuHgEfdHoBtlEVZuo3PNl9kL,1IrDQOUs8SuHgEfdHoBtlEVZuo3PNl9kL
80,BISE_Bahawalpur/9th_Class/Annual/BISE_Bahawalpur_9th_Class_Annual_2023.pdf,BISE_Bahawalpur_9th_Class_Annual_2023.pdf,15577.2,https://drive.google.com/file/d/18r33ofoSz-cSZvgTzU_0PpZNLpsASOkS/view,https://drive.google.com/uc?export=download&id=18r33ofoSz-cSZvgTzU_0PpZNLpsASOkS,18r33ofoSz-cSZvgTzU_0PpZNLpsASOkS
81,BISE_Bahawalpur/9th_Class/Annual/BISE_Bahawalpur_9th_Class_Annual_2024.pdf,BISE_Bahawalpur_9th_Class_Annual_2024.pdf,16556.9,https://drive.google.com/file/d/1SjqysfiHGgRs7QQZuoQ5Eofe_r3EEhmv/view,https://drive.google.com/uc?export=download&id=1SjqysfiHGgRs7QQZuoQ5Eofe_r3EEhmv,1SjqysfiHGgRs7QQZuoQ5Eofe_r3EEhmv
82,BISE_Bahawalpur/9th_Class/Annual/BISE_Bahawalpur_9th_Class_Annual_2025.pdf,BISE_Bahawalpur_9th_Class_Annual_2025.pdf,47317.9,https://drive.google.com/file/d/1IMgkD5sUpW57S5Z6YvirTidlno2fZN4b/view,https://drive.google.com/uc?export=download&id=1IMgkD5sUpW57S5Z6YvirTidlno2fZN4b,1IMgkD5sUpW57S5Z6YvirTidlno2fZN4b
83,BISE_Bahawalpur/9th_Class/Annual/BISE_Bahawalpur_9th_Class_Annual_2026.pdf,BISE_Bahawalpur_9th_Class_Annual_2026.pdf,90458.6,https://drive.google.com/file/d/1L9R1mlDZrxaTbxSozo6f27vEGeFKC3WH/view,https://drive.google.com/uc?export=download&id=1L9R1mlDZrxaTbxSozo6f27vEGeFKC3WH,1L9R1mlDZrxaTbxSozo6f27vEGeFKC3WH
84,BISE_Bannu/10th_Class/Annual/BISE_Bannu_10th_Class_Annual_2022.pdf,BISE_Bannu_10th_Class_Annual_2022.pdf,15404.0,https://drive.google.com/file/d/1dq-p30qEf4k2T4ymMKdg83A-6pvBfgmY/view,https://drive.google.com/uc?export=download&id=1dq-p30qEf4k2T4ymMKdg83A-6pvBfgmY,1dq-p30qEf4k2T4ymMKdg83A-6pvBfgmY
85,BISE_Bannu/10th_Class/Annual/BISE_Bannu_10th_Class_Annual_2023.pdf,BISE_Bannu_10th_Class_Annual_2023.pdf,15577.2,https://drive.google.com/file/d/1c4nQoExAXufP7S-zpiINvBW_YN2MlHFN/view,https://drive.google.com/uc?export=download&id=1c4nQoExAXufP7S-zpiINvBW_YN2MlHFN,1c4nQoExAXufP7S-zpiINvBW_YN2MlHFN
86,BISE_Bannu/10th_Class/Annual/BISE_Bannu_10th_Class_Annual_2024.pdf,BISE_Bannu_10th_Class_Annual_2024.pdf,16556.9,https://drive.google.com/file/d/1RFkI-mWPDjeNcm9rVy85-0Ep7gpBMjD3/view,https://drive.google.com/uc?export=download&id=1RFkI-mWPDjeNcm9rVy85-0Ep7gpBMjD3,1RFkI-mWPDjeNcm9rVy85-0Ep7gpBMjD3
87,BISE_Bannu/10th_Class/Annual/BISE_Bannu_10th_Class_Annual_2025.pdf,BISE_Bannu_10th_Class_Annual_2025.pdf,47317.9,https://drive.google.com/file/d/1iM_cPSQUSyOgeDBwStWKXBOfz_ZZnW_w/view,https://drive.google.com/uc?export=download&id=1iM_cPSQUSyOgeDBwStWKXBOfz_ZZnW_w,1iM_cPSQUSyOgeDBwStWKXBOfz_ZZnW_w
88,BISE_Bannu/10th_Class/Annual/BISE_Bannu_10th_Class_Annual_2026.pdf,BISE_Bannu_10th_Class_Annual_2026.pdf,90458.6,https://drive.google.com/file/d/1wR6yeWDaHZYV373NKryku4b31Fn1nQs0/view,https://drive.google.com/uc?export=download&id=1wR6yeWDaHZYV373NKryku4b31Fn1nQs0,1wR6yeWDaHZYV373NKryku4b31Fn1nQs0
89,BISE_Bannu/11th_Class/Annual/BISE_Bannu_11th_Class_Annual_2026.pdf,BISE_Bannu_11th_Class_Annual_2026.pdf,16439.7,https://drive.google.com/file/d/1Iq0tqtAedr088zM_Sw8eKdx7SS2v3vO-/view,https://drive.google.com/uc?export=download&id=1Iq0tqtAedr088zM_Sw8eKdx7SS2v3vO-,1Iq0tqtAedr088zM_Sw8eKdx7SS2v3vO-
90,BISE_Bannu/9th_Class/Annual/BISE_Bannu_9th_Class_Annual_2022.pdf,BISE_Bannu_9th_Class_Annual_2022.pdf,15404.0,https://drive.google.com/file/d/1KFvYNlRO4kTkxSj9pyZIV_8OUOS4avPH/view,https://drive.google.com/uc?export=download&id=1KFvYNlRO4kTkxSj9pyZIV_8OUOS4avPH,1KFvYNlRO4kTkxSj9pyZIV_8OUOS4avPH
91,BISE_Bannu/9th_Class/Annual/BISE_Bannu_9th_Class_Annual_2023.pdf,BISE_Bannu_9th_Class_Annual_2023.pdf,15577.2,https://drive.google.com/file/d/1e7j9cpf17t7U_Tmb8y-J6-gjWBf6jyZ7/view,https://drive.google.com/uc?export=download&id=1e7j9cpf17t7U_Tmb8y-J6-gjWBf6jyZ7,1e7j9cpf17t7U_Tmb8y-J6-gjWBf6jyZ7
92,BISE_Bannu/9th_Class/Annual/BISE_Bannu_9th_Class_Annual_2024.pdf,BISE_Bannu_9th_Class_Annual_2024.pdf,16556.9,https://drive.google.com/file/d/17vIdy0duljjglMPNVBrSD6HkmGZL-8qZ/view,https://drive.google.com/uc?export=download&id=17vIdy0duljjglMPNVBrSD6HkmGZL-8qZ,17vIdy0duljjglMPNVBrSD6HkmGZL-8qZ
93,BISE_Bannu/9th_Class/Annual/BISE_Bannu_9th_Class_Annual_2025.pdf,BISE_Bannu_9th_Class_Annual_2025.pdf,47317.9,https://drive.google.com/file/d/13bytoyAwovB_hUsexfxZ1jIe-94vTGba/view,https://drive.google.com/uc?export=download&id=13bytoyAwovB_hUsexfxZ1jIe-94vTGba,13bytoyAwovB_hUsexfxZ1jIe-94vTGba
94,BISE_Bannu/9th_Class/Annual/BISE_Bannu_9th_Class_Annual_2026.pdf,BISE_Bannu_9th_Class_Annual_2026.pdf,79315.2,https://drive.google.com/file/d/1pofCrudm0me8nMocFCyLZWz7CxC_1Ht-/view,https://drive.google.com/uc?export=download&id=1pofCrudm0me8nMocFCyLZWz7CxC_1Ht-,1pofCrudm0me8nMocFCyLZWz7CxC_1Ht-
95,BISE_DG_Khan/10th_Class/Annual/BISE_DG_Khan_10th_Class_Annual_2022.pdf,BISE_DG_Khan_10th_Class_Annual_2022.pdf,14801.1,https://drive.google.com/file/d/1b2BdwsIOHkuOdZmrxIV4blDz0WSfJx65/view,https://drive.google.com/uc?export=download&id=1b2BdwsIOHkuOdZmrxIV4blDz0WSfJx65,1b2BdwsIOHkuOdZmrxIV4blDz0WSfJx65
96,BISE_DG_Khan/10th_Class/Annual/BISE_DG_Khan_10th_Class_Annual_2024.pdf,BISE_DG_Khan_10th_Class_Annual_2024.pdf,15988.3,https://drive.google.com/file/d/1C3nNzAI0NVV_vVxotN3r8cioEoULVkJu/view,https://drive.google.com/uc?export=download&id=1C3nNzAI0NVV_vVxotN3r8cioEoULVkJu,1C3nNzAI0NVV_vVxotN3r8cioEoULVkJu
97,BISE_DG_Khan/10th_Class/Annual/BISE_DG_Khan_10th_Class_Annual_2025.pdf,BISE_DG_Khan_10th_Class_Annual_2025.pdf,4677.3,https://drive.google.com/file/d/1w5ei_II7nZD9R1AFIgDoET8hVTcEZZ2Q/view,https://drive.google.com/uc?export=download&id=1w5ei_II7nZD9R1AFIgDoET8hVTcEZZ2Q,1w5ei_II7nZD9R1AFIgDoET8hVTcEZZ2Q
98,BISE_DG_Khan/10th_Class/Annual/BISE_DG_Khan_10th_Class_Annual_2026.pdf,BISE_DG_Khan_10th_Class_Annual_2026.pdf,18336.7,https://drive.google.com/file/d/15LD26R9O163uKE-xNzYrOcx8PtNgVijr/view,https://drive.google.com/uc?export=download&id=15LD26R9O163uKE-xNzYrOcx8PtNgVijr,15LD26R9O163uKE-xNzYrOcx8PtNgVijr
99,BISE_DG_Khan/11th_Class/Annual/BISE_DG_Khan_11th_Class_Annual_2022.pdf,BISE_DG_Khan_11th_Class_Annual_2022.pdf,8662.5,https://drive.google.com/file/d/1pQx_ph8sFwR1LsA0tTGGtAo7DcqjIRNC/view,https://drive.google.com/uc?export=download&id=1pQx_ph8sFwR1LsA0tTGGtAo7DcqjIRNC,1pQx_ph8sFwR1LsA0tTGGtAo7DcqjIRNC
100,BISE_DG_Khan/11th_Class/Annual/BISE_DG_Khan_11th_Class_Annual_2023.pdf,BISE_DG_Khan_11th_Class_Annual_2023.pdf,9999.2,https://drive.google.com/file/d/1iRsxDc89fXPvCj5OHfSvjoKt56RX3glo/view,https://drive.google.com/uc?export=download&id=1iRsxDc89fXPvCj5OHfSvjoKt56RX3glo,1iRsxDc89fXPvCj5OHfSvjoKt56RX3glo
101,BISE_DG_Khan/11th_Class/Annual/BISE_DG_Khan_11th_Class_Annual_2025.pdf,BISE_DG_Khan_11th_Class_Annual_2025.pdf,10112.7,https://drive.google.com/file/d/1beofvFcnevNq3SegsI7ZnHV_ALnv8u_R/view,https://drive.google.com/uc?export=download&id=1beofvFcnevNq3SegsI7ZnHV_ALnv8u_R,1beofvFcnevNq3SegsI7ZnHV_ALnv8u_R
102,BISE_DG_Khan/12th_Class/Annual/BISE_DG_Khan_12th_Class_Annual_2022.pdf,BISE_DG_Khan_12th_Class_Annual_2022.pdf,9218.7,https://drive.google.com/file/d/1dyxVFUhaWobxdLQt8Z43229it-7fHTLI/view,https://drive.google.com/uc?export=download&id=1dyxVFUhaWobxdLQt8Z43229it-7fHTLI,1dyxVFUhaWobxdLQt8Z43229it-7fHTLI
103,BISE_DG_Khan/12th_Class/Annual/BISE_DG_Khan_12th_Class_Annual_2023.pdf,BISE_DG_Khan_12th_Class_Annual_2023.pdf,10574.5,https://drive.google.com/file/d/1zL7eF5egwp6eYGl3NzwSiGzmHN_GW8qe/view,https://drive.google.com/uc?export=download&id=1zL7eF5egwp6eYGl3NzwSiGzmHN_GW8qe,1zL7eF5egwp6eYGl3NzwSiGzmHN_GW8qe
104,BISE_DG_Khan/12th_Class/Annual/BISE_DG_Khan_12th_Class_Annual_2025.pdf,BISE_DG_Khan_12th_Class_Annual_2025.pdf,9745.3,https://drive.google.com/file/d/1Yhq64LjujfLjOQ2fPHFUAcO--jqcTwoM/view,https://drive.google.com/uc?export=download&id=1Yhq64LjujfLjOQ2fPHFUAcO--jqcTwoM,1Yhq64LjujfLjOQ2fPHFUAcO--jqcTwoM
105,BISE_DG_Khan/9th_Class/Annual/BISE_DG_Khan_9th_Class_Annual_2021.pdf,BISE_DG_Khan_9th_Class_Annual_2021.pdf,15047.7,https://drive.google.com/file/d/1LGndZXVDGw12_8aCnG3tQpwpQmzCNVZz/view,https://drive.google.com/uc?export=download&id=1LGndZXVDGw12_8aCnG3tQpwpQmzCNVZz,1LGndZXVDGw12_8aCnG3tQpwpQmzCNVZz
106,BISE_DG_Khan/9th_Class/Annual/BISE_DG_Khan_9th_Class_Annual_2022.pdf,BISE_DG_Khan_9th_Class_Annual_2022.pdf,15613.6,https://drive.google.com/file/d/1mkLZErqtM675A4qBrqf48bvwm5FOU4jx/view,https://drive.google.com/uc?export=download&id=1mkLZErqtM675A4qBrqf48bvwm5FOU4jx,1mkLZErqtM675A4qBrqf48bvwm5FOU4jx
107,BISE_DG_Khan/9th_Class/Annual/BISE_DG_Khan_9th_Class_Annual_2023.pdf,BISE_DG_Khan_9th_Class_Annual_2023.pdf,36154.7,https://drive.google.com/file/d/15PfQJH1xh680bUijd53D2ST46XMcxsim/view,https://drive.google.com/uc?export=download&id=15PfQJH1xh680bUijd53D2ST46XMcxsim,15PfQJH1xh680bUijd53D2ST46XMcxsim
108,BISE_DG_Khan/9th_Class/Annual/BISE_DG_Khan_9th_Class_Annual_2024.pdf,BISE_DG_Khan_9th_Class_Annual_2024.pdf,16622.8,https://drive.google.com/file/d/1Jqf6gZo2tr7qx0VH4XmsXlb_pYFNpOpn/view,https://drive.google.com/uc?export=download&id=1Jqf6gZo2tr7qx0VH4XmsXlb_pYFNpOpn,1Jqf6gZo2tr7qx0VH4XmsXlb_pYFNpOpn
109,BISE_DG_Khan/9th_Class/Annual/BISE_DG_Khan_9th_Class_Annual_2025.pdf,BISE_DG_Khan_9th_Class_Annual_2025.pdf,21434.4,https://drive.google.com/file/d/1G5NqyfmD1LZnhUTANRBMMYOEy1ANL37n/view,https://drive.google.com/uc?export=download&id=1G5NqyfmD1LZnhUTANRBMMYOEy1ANL37n,1G5NqyfmD1LZnhUTANRBMMYOEy1ANL37n
110,BISE_DG_Khan/9th_Class/Annual/BISE_DG_Khan_9th_Class_Annual_2026.pdf,BISE_DG_Khan_9th_Class_Annual_2026.pdf,18568.2,https://drive.google.com/file/d/1NjcFTPKFOAm-OPfp_dibvERFGsnbxuPi/view,https://drive.google.com/uc?export=download&id=1NjcFTPKFOAm-OPfp_dibvERFGsnbxuPi,1NjcFTPKFOAm-OPfp_dibvERFGsnbxuPi
111,BISE_DI_Khan/10th_Class/Annual/BISE_DI_Khan_10th_Class_Annual_2022.pdf,BISE_DI_Khan_10th_Class_Annual_2022.pdf,14801.1,https://drive.google.com/file/d/1ctglTr6IR_KnvLFLypflVNL9CCa5Ink-/view,https://drive.google.com/uc?export=download&id=1ctglTr6IR_KnvLFLypflVNL9CCa5Ink-,1ctglTr6IR_KnvLFLypflVNL9CCa5Ink-
112,BISE_DI_Khan/10th_Class/Annual/BISE_DI_Khan_10th_Class_Annual_2023.pdf,BISE_DI_Khan_10th_Class_Annual_2023.pdf,36154.7,https://drive.google.com/file/d/1EA_VQhEybN1xHMRHZ4xbL6QleJja4-YV/view,https://drive.google.com/uc?export=download&id=1EA_VQhEybN1xHMRHZ4xbL6QleJja4-YV,1EA_VQhEybN1xHMRHZ4xbL6QleJja4-YV
113,BISE_DI_Khan/10th_Class/Annual/BISE_DI_Khan_10th_Class_Annual_2024.pdf,BISE_DI_Khan_10th_Class_Annual_2024.pdf,15988.3,https://drive.google.com/file/d/138UaNQDQ4B-o3jDz2iOdF4vUxStU5DOf/view,https://drive.google.com/uc?export=download&id=138UaNQDQ4B-o3jDz2iOdF4vUxStU5DOf,138UaNQDQ4B-o3jDz2iOdF4vUxStU5DOf
114,BISE_DI_Khan/10th_Class/Annual/BISE_DI_Khan_10th_Class_Annual_2025.pdf,BISE_DI_Khan_10th_Class_Annual_2025.pdf,4677.3,https://drive.google.com/file/d/1eBEWwba3nTbcqDO7nCxGW32gTPOZ8Qh8/view,https://drive.google.com/uc?export=download&id=1eBEWwba3nTbcqDO7nCxGW32gTPOZ8Qh8,1eBEWwba3nTbcqDO7nCxGW32gTPOZ8Qh8
115,BISE_DI_Khan/10th_Class/Annual/BISE_DI_Khan_10th_Class_Annual_2026.pdf,BISE_DI_Khan_10th_Class_Annual_2026.pdf,18336.7,https://drive.google.com/file/d/1J032k2BsN2AWBy1yBphX-rj2rqR5paH5/view,https://drive.google.com/uc?export=download&id=1J032k2BsN2AWBy1yBphX-rj2rqR5paH5,1J032k2BsN2AWBy1yBphX-rj2rqR5paH5
116,BISE_DI_Khan/11th_Class/Annual/BISE_DI_Khan_11th_Class_Annual_2022.pdf,BISE_DI_Khan_11th_Class_Annual_2022.pdf,8662.5,https://drive.google.com/file/d/1WxaTB8oxRgH9eHbDOf2uysj4Fgiv0jAG/view,https://drive.google.com/uc?export=download&id=1WxaTB8oxRgH9eHbDOf2uysj4Fgiv0jAG,1WxaTB8oxRgH9eHbDOf2uysj4Fgiv0jAG
117,BISE_DI_Khan/11th_Class/Annual/BISE_DI_Khan_11th_Class_Annual_2023.pdf,BISE_DI_Khan_11th_Class_Annual_2023.pdf,9999.2,https://drive.google.com/file/d/1OLwEthUc2eBa4ilf-qzJLR2gMoByUndU/view,https://drive.google.com/uc?export=download&id=1OLwEthUc2eBa4ilf-qzJLR2gMoByUndU,1OLwEthUc2eBa4ilf-qzJLR2gMoByUndU
118,BISE_DI_Khan/11th_Class/Annual/BISE_DI_Khan_11th_Class_Annual_2025.pdf,BISE_DI_Khan_11th_Class_Annual_2025.pdf,10112.7,https://drive.google.com/file/d/1yDQDhXjK0FZ_uaWUBwZqVeJ-t6UtFcI6/view,https://drive.google.com/uc?export=download&id=1yDQDhXjK0FZ_uaWUBwZqVeJ-t6UtFcI6,1yDQDhXjK0FZ_uaWUBwZqVeJ-t6UtFcI6
119,BISE_DI_Khan/11th_Class/Annual/BISE_DI_Khan_11th_Class_Annual_2026.pdf,BISE_DI_Khan_11th_Class_Annual_2026.pdf,10112.7,https://drive.google.com/file/d/1UEjbiHmDOWpoFgIKdTz7tcW7a-qgG1di/view,https://drive.google.com/uc?export=download&id=1UEjbiHmDOWpoFgIKdTz7tcW7a-qgG1di,1UEjbiHmDOWpoFgIKdTz7tcW7a-qgG1di
120,BISE_DI_Khan/12th_Class/Annual/BISE_DI_Khan_12th_Class_Annual_2022.pdf,BISE_DI_Khan_12th_Class_Annual_2022.pdf,9218.7,https://drive.google.com/file/d/1U7EE0e0H_JXeF3SiMxz67O6Ij65NU3vi/view,https://drive.google.com/uc?export=download&id=1U7EE0e0H_JXeF3SiMxz67O6Ij65NU3vi,1U7EE0e0H_JXeF3SiMxz67O6Ij65NU3vi
121,BISE_DI_Khan/12th_Class/Annual/BISE_DI_Khan_12th_Class_Annual_2023.pdf,BISE_DI_Khan_12th_Class_Annual_2023.pdf,10574.5,https://drive.google.com/file/d/113bFB300ezGMn2RtNCQXERL-0IkiPplw/view,https://drive.google.com/uc?export=download&id=113bFB300ezGMn2RtNCQXERL-0IkiPplw,113bFB300ezGMn2RtNCQXERL-0IkiPplw
122,BISE_DI_Khan/12th_Class/Annual/BISE_DI_Khan_12th_Class_Annual_2025.pdf,BISE_DI_Khan_12th_Class_Annual_2025.pdf,9745.3,https://drive.google.com/file/d/1IQcBvhvEV3PbCV08tRFMFiDMeVA7o9Fd/view,https://drive.google.com/uc?export=download&id=1IQcBvhvEV3PbCV08tRFMFiDMeVA7o9Fd,1IQcBvhvEV3PbCV08tRFMFiDMeVA7o9Fd
123,BISE_DI_Khan/12th_Class/Annual/BISE_DI_Khan_12th_Class_Annual_2026.pdf,BISE_DI_Khan_12th_Class_Annual_2026.pdf,9745.3,https://drive.google.com/file/d/1FuckaZ2nV6uoF-OlvqU_MgTvg7Q0XYyj/view,https://drive.google.com/uc?export=download&id=1FuckaZ2nV6uoF-OlvqU_MgTvg7Q0XYyj,1FuckaZ2nV6uoF-OlvqU_MgTvg7Q0XYyj
124,BISE_DI_Khan/9th_Class/Annual/BISE_DI_Khan_9th_Class_Annual_2022.pdf,BISE_DI_Khan_9th_Class_Annual_2022.pdf,15613.6,https://drive.google.com/file/d/1_76ll2VC7FL5lnCFbDcA9CtlZprsej5P/view,https://drive.google.com/uc?export=download&id=1_76ll2VC7FL5lnCFbDcA9CtlZprsej5P,1_76ll2VC7FL5lnCFbDcA9CtlZprsej5P
125,BISE_DI_Khan/9th_Class/Annual/BISE_DI_Khan_9th_Class_Annual_2023.pdf,BISE_DI_Khan_9th_Class_Annual_2023.pdf,36154.7,https://drive.google.com/file/d/1vVginwe5hwWD5l8sRnw481kWbi_cqx4R/view,https://drive.google.com/uc?export=download&id=1vVginwe5hwWD5l8sRnw481kWbi_cqx4R,1vVginwe5hwWD5l8sRnw481kWbi_cqx4R
126,BISE_DI_Khan/9th_Class/Annual/BISE_DI_Khan_9th_Class_Annual_2024.pdf,BISE_DI_Khan_9th_Class_Annual_2024.pdf,16622.8,https://drive.google.com/file/d/1dHXUxwmqkz1sKenDApu7a26ZwAsIXK-S/view,https://drive.google.com/uc?export=download&id=1dHXUxwmqkz1sKenDApu7a26ZwAsIXK-S,1dHXUxwmqkz1sKenDApu7a26ZwAsIXK-S
127,BISE_DI_Khan/9th_Class/Annual/BISE_DI_Khan_9th_Class_Annual_2025.pdf,BISE_DI_Khan_9th_Class_Annual_2025.pdf,21434.4,https://drive.google.com/file/d/15qSHlZjDe65rmrxsD5cn3OGZViRewbSM/view,https://drive.google.com/uc?export=download&id=15qSHlZjDe65rmrxsD5cn3OGZViRewbSM,15qSHlZjDe65rmrxsD5cn3OGZViRewbSM
128,BISE_DI_Khan/9th_Class/Annual/BISE_DI_Khan_9th_Class_Annual_2026.pdf,BISE_DI_Khan_9th_Class_Annual_2026.pdf,5006.8,https://drive.google.com/file/d/1IE89ga9RVqPinkF-wm9LUhAmu83px8TI/view,https://drive.google.com/uc?export=download&id=1IE89ga9RVqPinkF-wm9LUhAmu83px8TI,1IE89ga9RVqPinkF-wm9LUhAmu83px8TI
129,BISE_Faisalabad/10th_Class/2nd_Annual_Supply/BISE_Faisalabad_10th_Class_2nd_Annual_Supply_2021.pdf,BISE_Faisalabad_10th_Class_2nd_Annual_Supply_2021.pdf,4098.0,https://drive.google.com/file/d/1EzRZB3k9GgFlMc_5KALHOzVFiO0lKERa/view,https://drive.google.com/uc?export=download&id=1EzRZB3k9GgFlMc_5KALHOzVFiO0lKERa,1EzRZB3k9GgFlMc_5KALHOzVFiO0lKERa
130,BISE_Faisalabad/10th_Class/2nd_Annual_Supply/BISE_Faisalabad_10th_Class_2nd_Annual_Supply_2022.pdf,BISE_Faisalabad_10th_Class_2nd_Annual_Supply_2022.pdf,1893.5,https://drive.google.com/file/d/1Tfsm9XbK-5bVWtJZ6q9Iy8YGhDEQMEK_/view,https://drive.google.com/uc?export=download&id=1Tfsm9XbK-5bVWtJZ6q9Iy8YGhDEQMEK_,1Tfsm9XbK-5bVWtJZ6q9Iy8YGhDEQMEK_
131,BISE_Faisalabad/10th_Class/2nd_Annual_Supply/BISE_Faisalabad_10th_Class_2nd_Annual_Supply_2024.pdf,BISE_Faisalabad_10th_Class_2nd_Annual_Supply_2024.pdf,2881.0,https://drive.google.com/file/d/1q-bt5Z_bTYgV2SEKxmzfuf9e2hTsPDAZ/view,https://drive.google.com/uc?export=download&id=1q-bt5Z_bTYgV2SEKxmzfuf9e2hTsPDAZ,1q-bt5Z_bTYgV2SEKxmzfuf9e2hTsPDAZ
132,BISE_Faisalabad/10th_Class/2nd_Annual_Supply/BISE_Faisalabad_10th_Class_2nd_Annual_Supply_2025.pdf,BISE_Faisalabad_10th_Class_2nd_Annual_Supply_2025.pdf,1520.1,https://drive.google.com/file/d/16UkoFaTZIc_qRf9EN_gThQv2o-nEs6QK/view,https://drive.google.com/uc?export=download&id=16UkoFaTZIc_qRf9EN_gThQv2o-nEs6QK,16UkoFaTZIc_qRf9EN_gThQv2o-nEs6QK
133,BISE_Faisalabad/10th_Class/Annual/BISE_Faisalabad_10th_Class_Annual_2021.pdf,BISE_Faisalabad_10th_Class_Annual_2021.pdf,21382.2,https://drive.google.com/file/d/1hxXDv-YWzAlfeQDklQ2PwwWu3cpathFG/view,https://drive.google.com/uc?export=download&id=1hxXDv-YWzAlfeQDklQ2PwwWu3cpathFG,1hxXDv-YWzAlfeQDklQ2PwwWu3cpathFG
134,BISE_Faisalabad/10th_Class/Annual/BISE_Faisalabad_10th_Class_Annual_2022.pdf,BISE_Faisalabad_10th_Class_Annual_2022.pdf,19023.2,https://drive.google.com/file/d/1lk5pRlPMAfNmIMwYqMkTcf488ioYCiPI/view,https://drive.google.com/uc?export=download&id=1lk5pRlPMAfNmIMwYqMkTcf488ioYCiPI,1lk5pRlPMAfNmIMwYqMkTcf488ioYCiPI
135,BISE_Faisalabad/10th_Class/Annual/BISE_Faisalabad_10th_Class_Annual_2023.pdf,BISE_Faisalabad_10th_Class_Annual_2023.pdf,18501.5,https://drive.google.com/file/d/1Bq3A3CHDZxTA464Lg1FQ6Pn-c0UUGP_Q/view,https://drive.google.com/uc?export=download&id=1Bq3A3CHDZxTA464Lg1FQ6Pn-c0UUGP_Q,1Bq3A3CHDZxTA464Lg1FQ6Pn-c0UUGP_Q
136,BISE_Faisalabad/10th_Class/Annual/BISE_Faisalabad_10th_Class_Annual_2024.pdf,BISE_Faisalabad_10th_Class_Annual_2024.pdf,18871.2,https://drive.google.com/file/d/18eAb3gYv_V3f8FRa5PSy99Cem9-m9xF3/view,https://drive.google.com/uc?export=download&id=18eAb3gYv_V3f8FRa5PSy99Cem9-m9xF3,18eAb3gYv_V3f8FRa5PSy99Cem9-m9xF3
137,BISE_Faisalabad/10th_Class/Annual/BISE_Faisalabad_10th_Class_Annual_2025.pdf,BISE_Faisalabad_10th_Class_Annual_2025.pdf,17746.1,https://drive.google.com/file/d/14JxsvYvgljqlgOXLEEh11eamU6CzMalX/view,https://drive.google.com/uc?export=download&id=14JxsvYvgljqlgOXLEEh11eamU6CzMalX,14JxsvYvgljqlgOXLEEh11eamU6CzMalX
138,BISE_Faisalabad/10th_Class/Annual/BISE_Faisalabad_10th_Class_Annual_2026.pdf,BISE_Faisalabad_10th_Class_Annual_2026.pdf,21463.0,https://drive.google.com/file/d/1C2K9A9q7G9UMvABR-PMP1tlIA7DDgHGz/view,https://drive.google.com/uc?export=download&id=1C2K9A9q7G9UMvABR-PMP1tlIA7DDgHGz,1C2K9A9q7G9UMvABR-PMP1tlIA7DDgHGz
139,BISE_Faisalabad/11th_Class/Annual/BISE_Faisalabad_11th_Class_Annual_2021.pdf,BISE_Faisalabad_11th_Class_Annual_2021.pdf,13622.6,https://drive.google.com/file/d/1GPWC5m_E4QwtBSivf1T3wzXygKUxzQwm/view,https://drive.google.com/uc?export=download&id=1GPWC5m_E4QwtBSivf1T3wzXygKUxzQwm,1GPWC5m_E4QwtBSivf1T3wzXygKUxzQwm
140,BISE_Faisalabad/11th_Class/Annual/BISE_Faisalabad_11th_Class_Annual_2022.pdf,BISE_Faisalabad_11th_Class_Annual_2022.pdf,10605.9,https://drive.google.com/file/d/19-hTWNFh_8d-ewCfYcK69BSCqVv78Byn/view,https://drive.google.com/uc?export=download&id=19-hTWNFh_8d-ewCfYcK69BSCqVv78Byn,19-hTWNFh_8d-ewCfYcK69BSCqVv78Byn
141,BISE_Faisalabad/11th_Class/Annual/BISE_Faisalabad_11th_Class_Annual_2023.pdf,BISE_Faisalabad_11th_Class_Annual_2023.pdf,11638.4,https://drive.google.com/file/d/1tyFj7gSPZQAgGsobOs8sCfUpNyA4qYRr/view,https://drive.google.com/uc?export=download&id=1tyFj7gSPZQAgGsobOs8sCfUpNyA4qYRr,1tyFj7gSPZQAgGsobOs8sCfUpNyA4qYRr
142,BISE_Faisalabad/11th_Class/Annual/BISE_Faisalabad_11th_Class_Annual_2024.pdf,BISE_Faisalabad_11th_Class_Annual_2024.pdf,11192.7,https://drive.google.com/file/d/1WScHohxOe968XD_IsnHRw1P5bkJmfwR7/view,https://drive.google.com/uc?export=download&id=1WScHohxOe968XD_IsnHRw1P5bkJmfwR7,1WScHohxOe968XD_IsnHRw1P5bkJmfwR7
143,BISE_Faisalabad/11th_Class/Annual/BISE_Faisalabad_11th_Class_Annual_2025.pdf,BISE_Faisalabad_11th_Class_Annual_2025.pdf,9847.9,https://drive.google.com/file/d/1mLnZIQ6s2k0fgAVSIXjvgvCv4jv_59iG/view,https://drive.google.com/uc?export=download&id=1mLnZIQ6s2k0fgAVSIXjvgvCv4jv_59iG,1mLnZIQ6s2k0fgAVSIXjvgvCv4jv_59iG
144,BISE_Faisalabad/12th_Class/2nd_Annual_Supply/BISE_Faisalabad_12th_Class_2nd_Annual_Supply_2021.pdf,BISE_Faisalabad_12th_Class_2nd_Annual_Supply_2021.pdf,4822.8,https://drive.google.com/file/d/1VlATgsJXr6a7gVlFgs0yz0_cf5zWXxBt/view,https://drive.google.com/uc?export=download&id=1VlATgsJXr6a7gVlFgs0yz0_cf5zWXxBt,1VlATgsJXr6a7gVlFgs0yz0_cf5zWXxBt
145,BISE_Faisalabad/12th_Class/2nd_Annual_Supply/BISE_Faisalabad_12th_Class_2nd_Annual_Supply_2022.pdf,BISE_Faisalabad_12th_Class_2nd_Annual_Supply_2022.pdf,1700.8,https://drive.google.com/file/d/12wzLvIxdKN3h6QALNvH1_1ry-17aJKqL/view,https://drive.google.com/uc?export=download&id=12wzLvIxdKN3h6QALNvH1_1ry-17aJKqL,12wzLvIxdKN3h6QALNvH1_1ry-17aJKqL
146,BISE_Faisalabad/12th_Class/2nd_Annual_Supply/BISE_Faisalabad_12th_Class_2nd_Annual_Supply_2023.pdf,BISE_Faisalabad_12th_Class_2nd_Annual_Supply_2023.pdf,2417.2,https://drive.google.com/file/d/1fUaIB0X152giyDKoDbXunSsCZdF4t7qw/view,https://drive.google.com/uc?export=download&id=1fUaIB0X152giyDKoDbXunSsCZdF4t7qw,1fUaIB0X152giyDKoDbXunSsCZdF4t7qw
147,BISE_Faisalabad/12th_Class/2nd_Annual_Supply/BISE_Faisalabad_12th_Class_2nd_Annual_Supply_2024.pdf,BISE_Faisalabad_12th_Class_2nd_Annual_Supply_2024.pdf,4106.3,https://drive.google.com/file/d/1kbiyMPz-zxp_W8Wb6inSMivJ7znPWj4i/view,https://drive.google.com/uc?export=download&id=1kbiyMPz-zxp_W8Wb6inSMivJ7znPWj4i,1kbiyMPz-zxp_W8Wb6inSMivJ7znPWj4i
148,BISE_Faisalabad/12th_Class/2nd_Annual_Supply/BISE_Faisalabad_12th_Class_2nd_Annual_Supply_2025.pdf,BISE_Faisalabad_12th_Class_2nd_Annual_Supply_2025.pdf,2327.8,https://drive.google.com/file/d/1ifKr4DmxQqtZrjvZ9g6jjdeqr0cidGvP/view,https://drive.google.com/uc?export=download&id=1ifKr4DmxQqtZrjvZ9g6jjdeqr0cidGvP,1ifKr4DmxQqtZrjvZ9g6jjdeqr0cidGvP
149,BISE_Faisalabad/12th_Class/Annual/BISE_Faisalabad_12th_Class_Annual_2021.pdf,BISE_Faisalabad_12th_Class_Annual_2021.pdf,13851.1,https://drive.google.com/file/d/1EVxfCLr1U5e6XNHHreGskL-j0T_x_HaK/view,https://drive.google.com/uc?export=download&id=1EVxfCLr1U5e6XNHHreGskL-j0T_x_HaK,1EVxfCLr1U5e6XNHHreGskL-j0T_x_HaK
150,BISE_Faisalabad/12th_Class/Annual/BISE_Faisalabad_12th_Class_Annual_2022.pdf,BISE_Faisalabad_12th_Class_Annual_2022.pdf,17824.0,https://drive.google.com/file/d/1EmGXNOQ362mPdvFpuF34syLrbWp44Gmg/view,https://drive.google.com/uc?export=download&id=1EmGXNOQ362mPdvFpuF34syLrbWp44Gmg,1EmGXNOQ362mPdvFpuF34syLrbWp44Gmg
151,BISE_Faisalabad/12th_Class/Annual/BISE_Faisalabad_12th_Class_Annual_2023.pdf,BISE_Faisalabad_12th_Class_Annual_2023.pdf,10955.8,https://drive.google.com/file/d/1enB2ZUqRWODx_XUzozhn3TQpYeucL8n4/view,https://drive.google.com/uc?export=download&id=1enB2ZUqRWODx_XUzozhn3TQpYeucL8n4,1enB2ZUqRWODx_XUzozhn3TQpYeucL8n4
152,BISE_Faisalabad/12th_Class/Annual/BISE_Faisalabad_12th_Class_Annual_2024.pdf,BISE_Faisalabad_12th_Class_Annual_2024.pdf,24104.2,https://drive.google.com/file/d/1be4B62sxASksVYxepcr7JSrFfj-9i0l0/view,https://drive.google.com/uc?export=download&id=1be4B62sxASksVYxepcr7JSrFfj-9i0l0,1be4B62sxASksVYxepcr7JSrFfj-9i0l0
153,BISE_Faisalabad/12th_Class/Annual/BISE_Faisalabad_12th_Class_Annual_2025.pdf,BISE_Faisalabad_12th_Class_Annual_2025.pdf,9649.1,https://drive.google.com/file/d/10AYr8XNlIItxTKoJrPvINkPW_EM-TBve/view,https://drive.google.com/uc?export=download&id=10AYr8XNlIItxTKoJrPvINkPW_EM-TBve,10AYr8XNlIItxTKoJrPvINkPW_EM-TBve
154,BISE_Faisalabad/9th_Class/Annual/BISE_Faisalabad_9th_Class_Annual_2021.pdf,BISE_Faisalabad_9th_Class_Annual_2021.pdf,21666.6,https://drive.google.com/file/d/1m7bNegYPzAEfDoG9z9pBknuzHqAMy5Mp/view,https://drive.google.com/uc?export=download&id=1m7bNegYPzAEfDoG9z9pBknuzHqAMy5Mp,1m7bNegYPzAEfDoG9z9pBknuzHqAMy5Mp
155,BISE_Faisalabad/9th_Class/Annual/BISE_Faisalabad_9th_Class_Annual_2022.pdf,BISE_Faisalabad_9th_Class_Annual_2022.pdf,21162.1,https://drive.google.com/file/d/1xyEN-uYGQEgLbTq9MFhHqkzgFEmSRmGO/view,https://drive.google.com/uc?export=download&id=1xyEN-uYGQEgLbTq9MFhHqkzgFEmSRmGO,1xyEN-uYGQEgLbTq9MFhHqkzgFEmSRmGO
156,BISE_Faisalabad/9th_Class/Annual/BISE_Faisalabad_9th_Class_Annual_2023.pdf,BISE_Faisalabad_9th_Class_Annual_2023.pdf,19219.0,https://drive.google.com/file/d/1PFnDMDTgCt2Z9t8XvhTaUG1GiDHROwm8/view,https://drive.google.com/uc?export=download&id=1PFnDMDTgCt2Z9t8XvhTaUG1GiDHROwm8,1PFnDMDTgCt2Z9t8XvhTaUG1GiDHROwm8
157,BISE_Faisalabad/9th_Class/Annual/BISE_Faisalabad_9th_Class_Annual_2024.pdf,BISE_Faisalabad_9th_Class_Annual_2024.pdf,18779.8,https://drive.google.com/file/d/1nKsP8We-sIpCHkFBW-_LF2I_QmdV8SzU/view,https://drive.google.com/uc?export=download&id=1nKsP8We-sIpCHkFBW-_LF2I_QmdV8SzU,1nKsP8We-sIpCHkFBW-_LF2I_QmdV8SzU
158,BISE_Faisalabad/9th_Class/Annual/BISE_Faisalabad_9th_Class_Annual_2025.pdf,BISE_Faisalabad_9th_Class_Annual_2025.pdf,16320.0,https://drive.google.com/file/d/1qcGMPh8BBhMFnecbJI5W6RDgIeO-aGZx/view,https://drive.google.com/uc?export=download&id=1qcGMPh8BBhMFnecbJI5W6RDgIeO-aGZx,1qcGMPh8BBhMFnecbJI5W6RDgIeO-aGZx
159,BISE_Faisalabad/9th_Class/Annual/BISE_Faisalabad_9th_Class_Annual_2026.pdf,BISE_Faisalabad_9th_Class_Annual_2026.pdf,19313.4,https://drive.google.com/file/d/1Xw1RTTAaJVR1kLSTg2mGqiNshgtsF5OR/view,https://drive.google.com/uc?export=download&id=1Xw1RTTAaJVR1kLSTg2mGqiNshgtsF5OR,1Xw1RTTAaJVR1kLSTg2mGqiNshgtsF5OR
160,BISE_Gujranwala/10th_Class/2nd_Annual_Supply/BISE_Gujranwala_10th_Class_2nd_Annual_Supply_2021.pdf,BISE_Gujranwala_10th_Class_2nd_Annual_Supply_2021.pdf,904.1,https://drive.google.com/file/d/1JY22qO6yajohgpUJS0ZID2HmTsGHca1I/view,https://drive.google.com/uc?export=download&id=1JY22qO6yajohgpUJS0ZID2HmTsGHca1I,1JY22qO6yajohgpUJS0ZID2HmTsGHca1I
161,BISE_Gujranwala/10th_Class/2nd_Annual_Supply/BISE_Gujranwala_10th_Class_2nd_Annual_Supply_2022.pdf,BISE_Gujranwala_10th_Class_2nd_Annual_Supply_2022.pdf,2066.8,https://drive.google.com/file/d/1SZq_bLksO1MtAUN8KTDJOYmgWYdMrpoM/view,https://drive.google.com/uc?export=download&id=1SZq_bLksO1MtAUN8KTDJOYmgWYdMrpoM,1SZq_bLksO1MtAUN8KTDJOYmgWYdMrpoM
162,BISE_Gujranwala/10th_Class/2nd_Annual_Supply/BISE_Gujranwala_10th_Class_2nd_Annual_Supply_2024.pdf,BISE_Gujranwala_10th_Class_2nd_Annual_Supply_2024.pdf,7064.6,https://drive.google.com/file/d/1Uad13e4Cqgw0-YJXpaUjXAjRKQfcDvNt/view,https://drive.google.com/uc?export=download&id=1Uad13e4Cqgw0-YJXpaUjXAjRKQfcDvNt,1Uad13e4Cqgw0-YJXpaUjXAjRKQfcDvNt
163,BISE_Gujranwala/10th_Class/2nd_Annual_Supply/BISE_Gujranwala_10th_Class_2nd_Annual_Supply_2025.pdf,BISE_Gujranwala_10th_Class_2nd_Annual_Supply_2025.pdf,3899.3,https://drive.google.com/file/d/1zZ3GHbLFY8uJ3tmZdA2ioPVUR0kll-2Y/view,https://drive.google.com/uc?export=download&id=1zZ3GHbLFY8uJ3tmZdA2ioPVUR0kll-2Y,1zZ3GHbLFY8uJ3tmZdA2ioPVUR0kll-2Y
164,BISE_Gujranwala/10th_Class/Annual/BISE_Gujranwala_10th_Class_Annual_2021.pdf,BISE_Gujranwala_10th_Class_Annual_2021.pdf,17344.6,https://drive.google.com/file/d/1xxP3x3Esg3LQz4I-K9YGND1YO_e6E-jk/view,https://drive.google.com/uc?export=download&id=1xxP3x3Esg3LQz4I-K9YGND1YO_e6E-jk,1xxP3x3Esg3LQz4I-K9YGND1YO_e6E-jk
165,BISE_Gujranwala/10th_Class/Annual/BISE_Gujranwala_10th_Class_Annual_2022.pdf,BISE_Gujranwala_10th_Class_Annual_2022.pdf,16199.3,https://drive.google.com/file/d/1CXtcJ99fSXYknXb6KzJnh0AwIXazybr5/view,https://drive.google.com/uc?export=download&id=1CXtcJ99fSXYknXb6KzJnh0AwIXazybr5,1CXtcJ99fSXYknXb6KzJnh0AwIXazybr5
166,BISE_Gujranwala/10th_Class/Annual/BISE_Gujranwala_10th_Class_Annual_2023.pdf,BISE_Gujranwala_10th_Class_Annual_2023.pdf,18378.8,https://drive.google.com/file/d/179HM3gvcvmImDL-wF4V_tb6fps5XCYNk/view,https://drive.google.com/uc?export=download&id=179HM3gvcvmImDL-wF4V_tb6fps5XCYNk,179HM3gvcvmImDL-wF4V_tb6fps5XCYNk
167,BISE_Gujranwala/10th_Class/Annual/BISE_Gujranwala_10th_Class_Annual_2024.pdf,BISE_Gujranwala_10th_Class_Annual_2024.pdf,22508.6,https://drive.google.com/file/d/1TQiQNLULNvRkIX1q3iv9S2AKpyhSLsPr/view,https://drive.google.com/uc?export=download&id=1TQiQNLULNvRkIX1q3iv9S2AKpyhSLsPr,1TQiQNLULNvRkIX1q3iv9S2AKpyhSLsPr
168,BISE_Gujranwala/10th_Class/Annual/BISE_Gujranwala_10th_Class_Annual_2025.pdf,BISE_Gujranwala_10th_Class_Annual_2025.pdf,21020.5,https://drive.google.com/file/d/1mvMQIgc4Uub6SeLKafo3dCaNbXYOxUAk/view,https://drive.google.com/uc?export=download&id=1mvMQIgc4Uub6SeLKafo3dCaNbXYOxUAk,1mvMQIgc4Uub6SeLKafo3dCaNbXYOxUAk
169,BISE_Gujranwala/10th_Class/Annual/BISE_Gujranwala_10th_Class_Annual_2026.pdf,BISE_Gujranwala_10th_Class_Annual_2026.pdf,31102.1,https://drive.google.com/file/d/1r-RCOm9cQLCAOAbEVCK4ob9-cpgDNj8T/view,https://drive.google.com/uc?export=download&id=1r-RCOm9cQLCAOAbEVCK4ob9-cpgDNj8T,1r-RCOm9cQLCAOAbEVCK4ob9-cpgDNj8T
170,BISE_Gujranwala/11th_Class/Annual/BISE_Gujranwala_11th_Class_Annual_2021.pdf,BISE_Gujranwala_11th_Class_Annual_2021.pdf,5637.1,https://drive.google.com/file/d/1Y2T3SN8PRJFB4Z3Bb6xJXnWCB6MKleIG/view,https://drive.google.com/uc?export=download&id=1Y2T3SN8PRJFB4Z3Bb6xJXnWCB6MKleIG,1Y2T3SN8PRJFB4Z3Bb6xJXnWCB6MKleIG
171,BISE_Gujranwala/11th_Class/Annual/BISE_Gujranwala_11th_Class_Annual_2022.pdf,BISE_Gujranwala_11th_Class_Annual_2022.pdf,5235.0,https://drive.google.com/file/d/1BzgwKi19WSo0tDmX7GAaf0bR7ex_a_gV/view,https://drive.google.com/uc?export=download&id=1BzgwKi19WSo0tDmX7GAaf0bR7ex_a_gV,1BzgwKi19WSo0tDmX7GAaf0bR7ex_a_gV
172,BISE_Gujranwala/11th_Class/Annual/BISE_Gujranwala_11th_Class_Annual_2023.pdf,BISE_Gujranwala_11th_Class_Annual_2023.pdf,8718.9,https://drive.google.com/file/d/1cLSqkCN1HhYM1YGoUHJRXjcPyUjxtK-s/view,https://drive.google.com/uc?export=download&id=1cLSqkCN1HhYM1YGoUHJRXjcPyUjxtK-s,1cLSqkCN1HhYM1YGoUHJRXjcPyUjxtK-s
173,BISE_Gujranwala/11th_Class/Annual/BISE_Gujranwala_11th_Class_Annual_2024.pdf,BISE_Gujranwala_11th_Class_Annual_2024.pdf,7586.0,https://drive.google.com/file/d/180rtWqdFZ_vzRwCZS-MfY8KkZIYOUp8U/view,https://drive.google.com/uc?export=download&id=180rtWqdFZ_vzRwCZS-MfY8KkZIYOUp8U,180rtWqdFZ_vzRwCZS-MfY8KkZIYOUp8U
174,BISE_Gujranwala/11th_Class/Annual/BISE_Gujranwala_11th_Class_Annual_2025.pdf,BISE_Gujranwala_11th_Class_Annual_2025.pdf,5187.1,https://drive.google.com/file/d/1USQFO5CUf4Z_EudwoE5QhMVU4xqI8yVr/view,https://drive.google.com/uc?export=download&id=1USQFO5CUf4Z_EudwoE5QhMVU4xqI8yVr,1USQFO5CUf4Z_EudwoE5QhMVU4xqI8yVr
175,BISE_Gujranwala/12th_Class/2nd_Annual_Supply/BISE_Gujranwala_12th_Class_2nd_Annual_Supply_2021.pdf,BISE_Gujranwala_12th_Class_2nd_Annual_Supply_2021.pdf,1360.6,https://drive.google.com/file/d/1DWltba3jT4VcVv5ewEQ9kDqr6UTDgNip/view,https://drive.google.com/uc?export=download&id=1DWltba3jT4VcVv5ewEQ9kDqr6UTDgNip,1DWltba3jT4VcVv5ewEQ9kDqr6UTDgNip
176,BISE_Gujranwala/12th_Class/2nd_Annual_Supply/BISE_Gujranwala_12th_Class_2nd_Annual_Supply_2022.pdf,BISE_Gujranwala_12th_Class_2nd_Annual_Supply_2022.pdf,1299.9,https://drive.google.com/file/d/1UA8dqjwdGL5sVxZ227UPWnBELn1Al0_a/view,https://drive.google.com/uc?export=download&id=1UA8dqjwdGL5sVxZ227UPWnBELn1Al0_a,1UA8dqjwdGL5sVxZ227UPWnBELn1Al0_a
177,BISE_Gujranwala/12th_Class/2nd_Annual_Supply/BISE_Gujranwala_12th_Class_2nd_Annual_Supply_2023.pdf,BISE_Gujranwala_12th_Class_2nd_Annual_Supply_2023.pdf,4499.2,https://drive.google.com/file/d/12eIjzG3VDL4ZZnbK_cDMCb2L5xYCTboi/view,https://drive.google.com/uc?export=download&id=12eIjzG3VDL4ZZnbK_cDMCb2L5xYCTboi,12eIjzG3VDL4ZZnbK_cDMCb2L5xYCTboi
178,BISE_Gujranwala/12th_Class/2nd_Annual_Supply/BISE_Gujranwala_12th_Class_2nd_Annual_Supply_2024.pdf,BISE_Gujranwala_12th_Class_2nd_Annual_Supply_2024.pdf,8655.1,https://drive.google.com/file/d/12j66WzVNbdba5sz3ndeE6A6xWYr6v19W/view,https://drive.google.com/uc?export=download&id=12j66WzVNbdba5sz3ndeE6A6xWYr6v19W,12j66WzVNbdba5sz3ndeE6A6xWYr6v19W
179,BISE_Gujranwala/12th_Class/2nd_Annual_Supply/BISE_Gujranwala_12th_Class_2nd_Annual_Supply_2025.pdf,BISE_Gujranwala_12th_Class_2nd_Annual_Supply_2025.pdf,3690.5,https://drive.google.com/file/d/1bp1ptHuecxG-w1TCbdeaq9AmK1-xuYqX/view,https://drive.google.com/uc?export=download&id=1bp1ptHuecxG-w1TCbdeaq9AmK1-xuYqX,1bp1ptHuecxG-w1TCbdeaq9AmK1-xuYqX
180,BISE_Gujranwala/12th_Class/Annual/BISE_Gujranwala_12th_Class_Annual_2021.pdf,BISE_Gujranwala_12th_Class_Annual_2021.pdf,8729.2,https://drive.google.com/file/d/1Luks3EL19FERfYykpI7v1QeqcERgjJWB/view,https://drive.google.com/uc?export=download&id=1Luks3EL19FERfYykpI7v1QeqcERgjJWB,1Luks3EL19FERfYykpI7v1QeqcERgjJWB
181,BISE_Gujranwala/12th_Class/Annual/BISE_Gujranwala_12th_Class_Annual_2022.pdf,BISE_Gujranwala_12th_Class_Annual_2022.pdf,8292.0,https://drive.google.com/file/d/1JFZA5H0u3yxdiB7D49TjqW4faYPG7s4D/view,https://drive.google.com/uc?export=download&id=1JFZA5H0u3yxdiB7D49TjqW4faYPG7s4D,1JFZA5H0u3yxdiB7D49TjqW4faYPG7s4D
182,BISE_Gujranwala/12th_Class/Annual/BISE_Gujranwala_12th_Class_Annual_2023.pdf,BISE_Gujranwala_12th_Class_Annual_2023.pdf,9382.4,https://drive.google.com/file/d/1GL809myLmlmWoYu90LRtQGaZUtOlfpOk/view,https://drive.google.com/uc?export=download&id=1GL809myLmlmWoYu90LRtQGaZUtOlfpOk,1GL809myLmlmWoYu90LRtQGaZUtOlfpOk
183,BISE_Gujranwala/12th_Class/Annual/BISE_Gujranwala_12th_Class_Annual_2024.pdf,BISE_Gujranwala_12th_Class_Annual_2024.pdf,17770.5,https://drive.google.com/file/d/1KgUZVVivGArNK6K_mKFAR4xGVzjMMvH6/view,https://drive.google.com/uc?export=download&id=1KgUZVVivGArNK6K_mKFAR4xGVzjMMvH6,1KgUZVVivGArNK6K_mKFAR4xGVzjMMvH6
184,BISE_Gujranwala/12th_Class/Annual/BISE_Gujranwala_12th_Class_Annual_2025.pdf,BISE_Gujranwala_12th_Class_Annual_2025.pdf,14046.8,https://drive.google.com/file/d/1Rh_lUHkZYdEdL-gOwM7DKBdPgvG3GMrn/view,https://drive.google.com/uc?export=download&id=1Rh_lUHkZYdEdL-gOwM7DKBdPgvG3GMrn,1Rh_lUHkZYdEdL-gOwM7DKBdPgvG3GMrn
185,BISE_Gujranwala/9th_Class/Annual/BISE_Gujranwala_9th_Class_Annual_2021.pdf,BISE_Gujranwala_9th_Class_Annual_2021.pdf,9967.2,https://drive.google.com/file/d/1yGKAdyGSjv8s_a7ngN5EZtQFAJf9FaF2/view,https://drive.google.com/uc?export=download&id=1yGKAdyGSjv8s_a7ngN5EZtQFAJf9FaF2,1yGKAdyGSjv8s_a7ngN5EZtQFAJf9FaF2
186,BISE_Gujranwala/9th_Class/Annual/BISE_Gujranwala_9th_Class_Annual_2022.pdf,BISE_Gujranwala_9th_Class_Annual_2022.pdf,9721.1,https://drive.google.com/file/d/1HUO7-pEOxlNb4bjDKUUhEFEuiQ7iaTdO/view,https://drive.google.com/uc?export=download&id=1HUO7-pEOxlNb4bjDKUUhEFEuiQ7iaTdO,1HUO7-pEOxlNb4bjDKUUhEFEuiQ7iaTdO
187,BISE_Gujranwala/9th_Class/Annual/BISE_Gujranwala_9th_Class_Annual_2023.pdf,BISE_Gujranwala_9th_Class_Annual_2023.pdf,10799.0,https://drive.google.com/file/d/1J9i9QRR__omzvCjkyAFK93H64aper-Kw/view,https://drive.google.com/uc?export=download&id=1J9i9QRR__omzvCjkyAFK93H64aper-Kw,1J9i9QRR__omzvCjkyAFK93H64aper-Kw
188,BISE_Gujranwala/9th_Class/Annual/BISE_Gujranwala_9th_Class_Annual_2024.pdf,BISE_Gujranwala_9th_Class_Annual_2024.pdf,16186.1,https://drive.google.com/file/d/1-djHNAfAUPa-KTWnJh9E-S5lMykuTD-T/view,https://drive.google.com/uc?export=download&id=1-djHNAfAUPa-KTWnJh9E-S5lMykuTD-T,1-djHNAfAUPa-KTWnJh9E-S5lMykuTD-T
189,BISE_Gujranwala/9th_Class/Annual/BISE_Gujranwala_9th_Class_Annual_2025.pdf,BISE_Gujranwala_9th_Class_Annual_2025.pdf,11599.3,https://drive.google.com/file/d/1G3k9wgRHbkwrp5YP_DkqTpS1yEzH9jkk/view,https://drive.google.com/uc?export=download&id=1G3k9wgRHbkwrp5YP_DkqTpS1yEzH9jkk,1G3k9wgRHbkwrp5YP_DkqTpS1yEzH9jkk
190,BISE_Gujranwala/9th_Class/Annual/BISE_Gujranwala_9th_Class_Annual_2026.pdf,BISE_Gujranwala_9th_Class_Annual_2026.pdf,16202.9,https://drive.google.com/file/d/1AiwWMAtWS8yt4lZ33uP2SiTIBYIW_3VQ/view,https://drive.google.com/uc?export=download&id=1AiwWMAtWS8yt4lZ33uP2SiTIBYIW_3VQ,1AiwWMAtWS8yt4lZ33uP2SiTIBYIW_3VQ
191,BISE_Hyderabad/10th_Class/Annual/BISE_Hyderabad_10th_Class_Annual_2021_science.pdf,BISE_Hyderabad_10th_Class_Annual_2021_science.pdf,4970.4,https://drive.google.com/file/d/1GpLsS_sKwsU5D-YfveuPwz0bwwKsuJQi/view,https://drive.google.com/uc?export=download&id=1GpLsS_sKwsU5D-YfveuPwz0bwwKsuJQi,1GpLsS_sKwsU5D-YfveuPwz0bwwKsuJQi
192,BISE_Hyderabad/10th_Class/Annual/BISE_Hyderabad_10th_Class_Annual_2024_general.pdf,BISE_Hyderabad_10th_Class_Annual_2024_general.pdf,800.7,https://drive.google.com/file/d/1fcaKBT4RBYajKMCZhRCqyLvtKKkbF0Ds/view,https://drive.google.com/uc?export=download&id=1fcaKBT4RBYajKMCZhRCqyLvtKKkbF0Ds,1fcaKBT4RBYajKMCZhRCqyLvtKKkbF0Ds
193,BISE_Hyderabad/10th_Class/Annual/BISE_Hyderabad_10th_Class_Annual_2024_science.pdf,BISE_Hyderabad_10th_Class_Annual_2024_science.pdf,2827.5,https://drive.google.com/file/d/1FvfHkrYkKdETvfkelbJOty_9_ydX_E9z/view,https://drive.google.com/uc?export=download&id=1FvfHkrYkKdETvfkelbJOty_9_ydX_E9z,1FvfHkrYkKdETvfkelbJOty_9_ydX_E9z
194,BISE_Hyderabad/10th_Class/Annual/BISE_Hyderabad_10th_Class_Annual_2025_general.pdf,BISE_Hyderabad_10th_Class_Annual_2025_general.pdf,1207.3,https://drive.google.com/file/d/12yD7809_Ek9Qc4WZxMEbKOF03PSjV3OS/view,https://drive.google.com/uc?export=download&id=12yD7809_Ek9Qc4WZxMEbKOF03PSjV3OS,12yD7809_Ek9Qc4WZxMEbKOF03PSjV3OS
195,BISE_Hyderabad/10th_Class/Annual/BISE_Hyderabad_10th_Class_Annual_2025_science.pdf,BISE_Hyderabad_10th_Class_Annual_2025_science.pdf,23370.3,https://drive.google.com/file/d/17Oqp_Ue9Jk33I8IzB5qNKxJ9Vo9ytB1p/view,https://drive.google.com/uc?export=download&id=17Oqp_Ue9Jk33I8IzB5qNKxJ9Vo9ytB1p,17Oqp_Ue9Jk33I8IzB5qNKxJ9Vo9ytB1p
196,BISE_Hyderabad/10th_Class/Annual/BISE_Hyderabad_10th_Class_Annual_2026_general.pdf,BISE_Hyderabad_10th_Class_Annual_2026_general.pdf,2089.2,https://drive.google.com/file/d/1BBTSJR-s1gEoFGGc-rfLjFgnHRM-ooeu/view,https://drive.google.com/uc?export=download&id=1BBTSJR-s1gEoFGGc-rfLjFgnHRM-ooeu,1BBTSJR-s1gEoFGGc-rfLjFgnHRM-ooeu
197,BISE_Hyderabad/10th_Class/Annual/BISE_Hyderabad_10th_Class_Annual_2026_science.pdf,BISE_Hyderabad_10th_Class_Annual_2026_science.pdf,5668.3,https://drive.google.com/file/d/1VKHuwUh3Y07Iqm96NiKi75mqzZyEYPbz/view,https://drive.google.com/uc?export=download&id=1VKHuwUh3Y07Iqm96NiKi75mqzZyEYPbz,1VKHuwUh3Y07Iqm96NiKi75mqzZyEYPbz
198,BISE_Hyderabad/9th_Class/Annual/BISE_Hyderabad_9th_Class_Annual_2021_science.pdf,BISE_Hyderabad_9th_Class_Annual_2021_science.pdf,4970.4,https://drive.google.com/file/d/1VAS6w7e_8jB8XcfCuSxax8URBhyLGlIE/view,https://drive.google.com/uc?export=download&id=1VAS6w7e_8jB8XcfCuSxax8URBhyLGlIE,1VAS6w7e_8jB8XcfCuSxax8URBhyLGlIE
199,BISE_Hyderabad/9th_Class/Annual/BISE_Hyderabad_9th_Class_Annual_2022.pdf,BISE_Hyderabad_9th_Class_Annual_2022.pdf,2826.3,https://drive.google.com/file/d/1ae2OmvLLrlrpvD-mOwR7rWpzZTCOMmdV/view,https://drive.google.com/uc?export=download&id=1ae2OmvLLrlrpvD-mOwR7rWpzZTCOMmdV,1ae2OmvLLrlrpvD-mOwR7rWpzZTCOMmdV
200,BISE_Hyderabad/9th_Class/Annual/BISE_Hyderabad_9th_Class_Annual_2023.pdf,BISE_Hyderabad_9th_Class_Annual_2023.pdf,6579.2,https://drive.google.com/file/d/1vGch5JT_MK46GLinoGqy-dEnrc_GqOuJ/view,https://drive.google.com/uc?export=download&id=1vGch5JT_MK46GLinoGqy-dEnrc_GqOuJ,1vGch5JT_MK46GLinoGqy-dEnrc_GqOuJ
201,BISE_Hyderabad/9th_Class/Annual/BISE_Hyderabad_9th_Class_Annual_2024_science.pdf,BISE_Hyderabad_9th_Class_Annual_2024_science.pdf,2827.5,https://drive.google.com/file/d/1rTVqmBvJTpiXsq6tVRjFwgM2SSRL4k5R/view,https://drive.google.com/uc?export=download&id=1rTVqmBvJTpiXsq6tVRjFwgM2SSRL4k5R,1rTVqmBvJTpiXsq6tVRjFwgM2SSRL4k5R
202,BISE_Hyderabad/9th_Class/Annual/BISE_Hyderabad_9th_Class_Annual_2025_general.pdf,BISE_Hyderabad_9th_Class_Annual_2025_general.pdf,2737.3,https://drive.google.com/file/d/1mvPt5P-7_AGJMuXd_gvAWN_uij5WFWUf/view,https://drive.google.com/uc?export=download&id=1mvPt5P-7_AGJMuXd_gvAWN_uij5WFWUf,1mvPt5P-7_AGJMuXd_gvAWN_uij5WFWUf
203,BISE_Hyderabad/9th_Class/Annual/BISE_Hyderabad_9th_Class_Annual_2025_science.pdf,BISE_Hyderabad_9th_Class_Annual_2025_science.pdf,23370.3,https://drive.google.com/file/d/1T2lj7Qs3mTYSvb6IOlXQ62v24Lgn8Jhf/view,https://drive.google.com/uc?export=download&id=1T2lj7Qs3mTYSvb6IOlXQ62v24Lgn8Jhf,1T2lj7Qs3mTYSvb6IOlXQ62v24Lgn8Jhf
204,BISE_Hyderabad/9th_Class/Annual/BISE_Hyderabad_9th_Class_Annual_2026_science.pdf,BISE_Hyderabad_9th_Class_Annual_2026_science.pdf,5668.3,https://drive.google.com/file/d/1D1BDiEfVASkKqb8V04euHdw9cmVg6I6E/view,https://drive.google.com/uc?export=download&id=1D1BDiEfVASkKqb8V04euHdw9cmVg6I6E,1D1BDiEfVASkKqb8V04euHdw9cmVg6I6E
205,BISE_Kohat/10th_Class/2nd_Annual_Supply/BISE_Kohat_10th_Class_2nd_Annual_Supply_2023.pdf,BISE_Kohat_10th_Class_2nd_Annual_Supply_2023.pdf,7855.0,https://drive.google.com/file/d/1zhDsNLY3I_6C4L7ST-5oLUZAo4pMHPHC/view,https://drive.google.com/uc?export=download&id=1zhDsNLY3I_6C4L7ST-5oLUZAo4pMHPHC,1zhDsNLY3I_6C4L7ST-5oLUZAo4pMHPHC
206,BISE_Kohat/10th_Class/2nd_Annual_Supply/BISE_Kohat_10th_Class_2nd_Annual_Supply_2024.pdf,BISE_Kohat_10th_Class_2nd_Annual_Supply_2024.pdf,13722.6,https://drive.google.com/file/d/1z_HfTpbch67UaBqLRLNJtwEJ9jCc7BPw/view,https://drive.google.com/uc?export=download&id=1z_HfTpbch67UaBqLRLNJtwEJ9jCc7BPw,1z_HfTpbch67UaBqLRLNJtwEJ9jCc7BPw
207,BISE_Kohat/10th_Class/2nd_Annual_Supply/BISE_Kohat_10th_Class_2nd_Annual_Supply_2025.pdf,BISE_Kohat_10th_Class_2nd_Annual_Supply_2025.pdf,16832.0,https://drive.google.com/file/d/1yTB_pQ_1KX0odU-Wp29YdctTlAwfZOcy/view,https://drive.google.com/uc?export=download&id=1yTB_pQ_1KX0odU-Wp29YdctTlAwfZOcy,1yTB_pQ_1KX0odU-Wp29YdctTlAwfZOcy
208,BISE_Kohat/10th_Class/Annual/BISE_Kohat_10th_Class_Annual_2022.pdf,BISE_Kohat_10th_Class_Annual_2022.pdf,13640.3,https://drive.google.com/file/d/1hlUe3lmx7EDEfn65RKL_qxxrdU5SvD60/view,https://drive.google.com/uc?export=download&id=1hlUe3lmx7EDEfn65RKL_qxxrdU5SvD60,1hlUe3lmx7EDEfn65RKL_qxxrdU5SvD60
209,BISE_Kohat/10th_Class/Annual/BISE_Kohat_10th_Class_Annual_2023.pdf,BISE_Kohat_10th_Class_Annual_2023.pdf,3961.9,https://drive.google.com/file/d/11pR0iJNM0Do0uEvNulkr2ORp65j4c_JB/view,https://drive.google.com/uc?export=download&id=11pR0iJNM0Do0uEvNulkr2ORp65j4c_JB,11pR0iJNM0Do0uEvNulkr2ORp65j4c_JB
210,BISE_Kohat/10th_Class/Annual/BISE_Kohat_10th_Class_Annual_2024.pdf,BISE_Kohat_10th_Class_Annual_2024.pdf,17335.5,https://drive.google.com/file/d/1cUt5nCt9QtmbxEs5maCwRvDZeV2QecLA/view,https://drive.google.com/uc?export=download&id=1cUt5nCt9QtmbxEs5maCwRvDZeV2QecLA,1cUt5nCt9QtmbxEs5maCwRvDZeV2QecLA
211,BISE_Kohat/10th_Class/Annual/BISE_Kohat_10th_Class_Annual_2025.pdf,BISE_Kohat_10th_Class_Annual_2025.pdf,22224.2,https://drive.google.com/file/d/1hNOMtemFh2DjHmHKna7gLsZ3gQTPnsU5/view,https://drive.google.com/uc?export=download&id=1hNOMtemFh2DjHmHKna7gLsZ3gQTPnsU5,1hNOMtemFh2DjHmHKna7gLsZ3gQTPnsU5
212,BISE_Kohat/10th_Class/Annual/BISE_Kohat_10th_Class_Annual_2026.pdf,BISE_Kohat_10th_Class_Annual_2026.pdf,31282.4,https://drive.google.com/file/d/1GO2rppr8bdDAZzL-Qs3ClxrqRx86WwA_/view,https://drive.google.com/uc?export=download&id=1GO2rppr8bdDAZzL-Qs3ClxrqRx86WwA_,1GO2rppr8bdDAZzL-Qs3ClxrqRx86WwA_
213,BISE_Kohat/11th_Class/2nd_Annual_Supply/BISE_Kohat_11th_Class_2nd_Annual_Supply_2023.pdf,BISE_Kohat_11th_Class_2nd_Annual_Supply_2023.pdf,5043.5,https://drive.google.com/file/d/1iAToPSAUAzI0wgRnlFWSZ8wzoSh63KSZ/view,https://drive.google.com/uc?export=download&id=1iAToPSAUAzI0wgRnlFWSZ8wzoSh63KSZ,1iAToPSAUAzI0wgRnlFWSZ8wzoSh63KSZ
214,BISE_Kohat/11th_Class/2nd_Annual_Supply/BISE_Kohat_11th_Class_2nd_Annual_Supply_2024.pdf,BISE_Kohat_11th_Class_2nd_Annual_Supply_2024.pdf,5030.6,https://drive.google.com/file/d/15gKPEr5uhJ2IaMGOWZbk_PJcEMixp9SC/view,https://drive.google.com/uc?export=download&id=15gKPEr5uhJ2IaMGOWZbk_PJcEMixp9SC,15gKPEr5uhJ2IaMGOWZbk_PJcEMixp9SC
215,BISE_Kohat/11th_Class/2nd_Annual_Supply/BISE_Kohat_11th_Class_2nd_Annual_Supply_2025.pdf,BISE_Kohat_11th_Class_2nd_Annual_Supply_2025.pdf,12382.7,https://drive.google.com/file/d/1H1PtdXzZMB-Mjk6uuKeyQPiknTVrBDMl/view,https://drive.google.com/uc?export=download&id=1H1PtdXzZMB-Mjk6uuKeyQPiknTVrBDMl,1H1PtdXzZMB-Mjk6uuKeyQPiknTVrBDMl
216,BISE_Kohat/11th_Class/2nd_Annual_Supply/BISE_Kohat_11th_Class_2nd_Annual_Supply_2026.pdf,BISE_Kohat_11th_Class_2nd_Annual_Supply_2026.pdf,12382.7,https://drive.google.com/file/d/10FCFyGbusimaiYCLNmPpYittlCowRxhL/view,https://drive.google.com/uc?export=download&id=10FCFyGbusimaiYCLNmPpYittlCowRxhL,10FCFyGbusimaiYCLNmPpYittlCowRxhL
217,BISE_Kohat/11th_Class/Annual/BISE_Kohat_11th_Class_Annual_2023.pdf,BISE_Kohat_11th_Class_Annual_2023.pdf,6977.2,https://drive.google.com/file/d/1d2sufn2VV84cmNAjwmtcCWHgovt7qjax/view,https://drive.google.com/uc?export=download&id=1d2sufn2VV84cmNAjwmtcCWHgovt7qjax,1d2sufn2VV84cmNAjwmtcCWHgovt7qjax
218,BISE_Kohat/11th_Class/Annual/BISE_Kohat_11th_Class_Annual_2024.pdf,BISE_Kohat_11th_Class_Annual_2024.pdf,22881.6,https://drive.google.com/file/d/1LXyPZgU51yO9WQ9zMG336Y3q-418aN27/view,https://drive.google.com/uc?export=download&id=1LXyPZgU51yO9WQ9zMG336Y3q-418aN27,1LXyPZgU51yO9WQ9zMG336Y3q-418aN27
219,BISE_Kohat/11th_Class/Annual/BISE_Kohat_11th_Class_Annual_2025.pdf,BISE_Kohat_11th_Class_Annual_2025.pdf,30160.1,https://drive.google.com/file/d/1B_W91aFoQXfNKifaevKfEoT1tGHeMgnv/view,https://drive.google.com/uc?export=download&id=1B_W91aFoQXfNKifaevKfEoT1tGHeMgnv,1B_W91aFoQXfNKifaevKfEoT1tGHeMgnv
220,BISE_Kohat/11th_Class/Annual/BISE_Kohat_11th_Class_Annual_2026.pdf,BISE_Kohat_11th_Class_Annual_2026.pdf,30160.1,https://drive.google.com/file/d/1Oicolq_AVPwq6rJC5Z-JqudIbb_T-0C7/view,https://drive.google.com/uc?export=download&id=1Oicolq_AVPwq6rJC5Z-JqudIbb_T-0C7,1Oicolq_AVPwq6rJC5Z-JqudIbb_T-0C7
221,BISE_Kohat/12th_Class/2nd_Annual_Supply/BISE_Kohat_12th_Class_2nd_Annual_Supply_2023.pdf,BISE_Kohat_12th_Class_2nd_Annual_Supply_2023.pdf,5043.5,https://drive.google.com/file/d/1fiIbJAcvQKrXH77XgGrGY2CX3UZXmcMd/view,https://drive.google.com/uc?export=download&id=1fiIbJAcvQKrXH77XgGrGY2CX3UZXmcMd,1fiIbJAcvQKrXH77XgGrGY2CX3UZXmcMd
222,BISE_Kohat/12th_Class/2nd_Annual_Supply/BISE_Kohat_12th_Class_2nd_Annual_Supply_2024.pdf,BISE_Kohat_12th_Class_2nd_Annual_Supply_2024.pdf,5030.6,https://drive.google.com/file/d/1mObI4yIyIIhAvIZlbLQjrwwauaYSNCHS/view,https://drive.google.com/uc?export=download&id=1mObI4yIyIIhAvIZlbLQjrwwauaYSNCHS,1mObI4yIyIIhAvIZlbLQjrwwauaYSNCHS
223,BISE_Kohat/12th_Class/2nd_Annual_Supply/BISE_Kohat_12th_Class_2nd_Annual_Supply_2025.pdf,BISE_Kohat_12th_Class_2nd_Annual_Supply_2025.pdf,12382.7,https://drive.google.com/file/d/1Kb4LD8ndDZkXdrGwqDEISGjviGgEfLw3/view,https://drive.google.com/uc?export=download&id=1Kb4LD8ndDZkXdrGwqDEISGjviGgEfLw3,1Kb4LD8ndDZkXdrGwqDEISGjviGgEfLw3
224,BISE_Kohat/12th_Class/2nd_Annual_Supply/BISE_Kohat_12th_Class_2nd_Annual_Supply_2026.pdf,BISE_Kohat_12th_Class_2nd_Annual_Supply_2026.pdf,12382.7,https://drive.google.com/file/d/1uON07H8ivIToQD46AqRscILkKKpuPAmZ/view,https://drive.google.com/uc?export=download&id=1uON07H8ivIToQD46AqRscILkKKpuPAmZ,1uON07H8ivIToQD46AqRscILkKKpuPAmZ
225,BISE_Kohat/12th_Class/Annual/BISE_Kohat_12th_Class_Annual_2023.pdf,BISE_Kohat_12th_Class_Annual_2023.pdf,6977.2,https://drive.google.com/file/d/1YycAUzHgxo4TdOLW2ewc1iSby6eJC310/view,https://drive.google.com/uc?export=download&id=1YycAUzHgxo4TdOLW2ewc1iSby6eJC310,1YycAUzHgxo4TdOLW2ewc1iSby6eJC310
226,BISE_Kohat/12th_Class/Annual/BISE_Kohat_12th_Class_Annual_2024.pdf,BISE_Kohat_12th_Class_Annual_2024.pdf,22881.6,https://drive.google.com/file/d/1b7K99AOtlYmL9g1hfjgIVOo8LN24_laE/view,https://drive.google.com/uc?export=download&id=1b7K99AOtlYmL9g1hfjgIVOo8LN24_laE,1b7K99AOtlYmL9g1hfjgIVOo8LN24_laE
227,BISE_Kohat/12th_Class/Annual/BISE_Kohat_12th_Class_Annual_2025.pdf,BISE_Kohat_12th_Class_Annual_2025.pdf,30160.1,https://drive.google.com/file/d/14ZavTVME9p7yrA_w10LusHUJEC2UAhII/view,https://drive.google.com/uc?export=download&id=14ZavTVME9p7yrA_w10LusHUJEC2UAhII,14ZavTVME9p7yrA_w10LusHUJEC2UAhII
228,BISE_Kohat/9th_Class/2nd_Annual_Supply/BISE_Kohat_9th_Class_2nd_Annual_Supply_2023.pdf,BISE_Kohat_9th_Class_2nd_Annual_Supply_2023.pdf,7855.0,https://drive.google.com/file/d/1owaB4mseFBqibSfz9VmS4tL-eM3EMOKN/view,https://drive.google.com/uc?export=download&id=1owaB4mseFBqibSfz9VmS4tL-eM3EMOKN,1owaB4mseFBqibSfz9VmS4tL-eM3EMOKN
229,BISE_Kohat/9th_Class/2nd_Annual_Supply/BISE_Kohat_9th_Class_2nd_Annual_Supply_2024.pdf,BISE_Kohat_9th_Class_2nd_Annual_Supply_2024.pdf,13722.6,https://drive.google.com/file/d/1NeDpsErHWq5s31qYzkzaIWOIsfhWUskR/view,https://drive.google.com/uc?export=download&id=1NeDpsErHWq5s31qYzkzaIWOIsfhWUskR,1NeDpsErHWq5s31qYzkzaIWOIsfhWUskR
230,BISE_Kohat/9th_Class/2nd_Annual_Supply/BISE_Kohat_9th_Class_2nd_Annual_Supply_2025.pdf,BISE_Kohat_9th_Class_2nd_Annual_Supply_2025.pdf,16832.0,https://drive.google.com/file/d/1mLoSUJ0ohxRlz17zXBEX49I250WwP98r/view,https://drive.google.com/uc?export=download&id=1mLoSUJ0ohxRlz17zXBEX49I250WwP98r,1mLoSUJ0ohxRlz17zXBEX49I250WwP98r
231,BISE_Kohat/9th_Class/Annual/BISE_Kohat_9th_Class_Annual_2022.pdf,BISE_Kohat_9th_Class_Annual_2022.pdf,14582.8,https://drive.google.com/file/d/1_MsTOx4QsZkukq6LQheW00aOYoCJnCVO/view,https://drive.google.com/uc?export=download&id=1_MsTOx4QsZkukq6LQheW00aOYoCJnCVO,1_MsTOx4QsZkukq6LQheW00aOYoCJnCVO
232,BISE_Kohat/9th_Class/Annual/BISE_Kohat_9th_Class_Annual_2023.pdf,BISE_Kohat_9th_Class_Annual_2023.pdf,3933.0,https://drive.google.com/file/d/1ry7RvuSpt8pw-U3RMM2eKhPuNfYE3nwE/view,https://drive.google.com/uc?export=download&id=1ry7RvuSpt8pw-U3RMM2eKhPuNfYE3nwE,1ry7RvuSpt8pw-U3RMM2eKhPuNfYE3nwE
233,BISE_Kohat/9th_Class/Annual/BISE_Kohat_9th_Class_Annual_2024.pdf,BISE_Kohat_9th_Class_Annual_2024.pdf,17773.7,https://drive.google.com/file/d/1HsF6G-e9E4kdyCB2jazSNvqopraN8v12/view,https://drive.google.com/uc?export=download&id=1HsF6G-e9E4kdyCB2jazSNvqopraN8v12,1HsF6G-e9E4kdyCB2jazSNvqopraN8v12
234,BISE_Kohat/9th_Class/Annual/BISE_Kohat_9th_Class_Annual_2025.pdf,BISE_Kohat_9th_Class_Annual_2025.pdf,23440.6,https://drive.google.com/file/d/1dfMgvSuzT-L53vQFjXGdikrHScuiATEM/view,https://drive.google.com/uc?export=download&id=1dfMgvSuzT-L53vQFjXGdikrHScuiATEM,1dfMgvSuzT-L53vQFjXGdikrHScuiATEM
235,BISE_Kohat/9th_Class/Annual/BISE_Kohat_9th_Class_Annual_2026.pdf,BISE_Kohat_9th_Class_Annual_2026.pdf,7185.1,https://drive.google.com/file/d/1M1trVjrl0SsYCWrPN3csrklWBtS9ZJoy/view,https://drive.google.com/uc?export=download&id=1M1trVjrl0SsYCWrPN3csrklWBtS9ZJoy,1M1trVjrl0SsYCWrPN3csrklWBtS9ZJoy
236,BISE_Lahore/10th_Class/2nd_Annual_Supply/BISE_Lahore_10th_Class_2nd_Annual_Supply_2022.pdf,BISE_Lahore_10th_Class_2nd_Annual_Supply_2022.pdf,4017.5,https://drive.google.com/file/d/1TNvnEv3lKL2P8xNH1rbAPQQWDte-G5sZ/view,https://drive.google.com/uc?export=download&id=1TNvnEv3lKL2P8xNH1rbAPQQWDte-G5sZ,1TNvnEv3lKL2P8xNH1rbAPQQWDte-G5sZ
237,BISE_Lahore/10th_Class/2nd_Annual_Supply/BISE_Lahore_10th_Class_2nd_Annual_Supply_2023.pdf,BISE_Lahore_10th_Class_2nd_Annual_Supply_2023.pdf,2936.5,https://drive.google.com/file/d/1vC70ncDtVrEvz4oZefX6FJTiK1joUY6h/view,https://drive.google.com/uc?export=download&id=1vC70ncDtVrEvz4oZefX6FJTiK1joUY6h,1vC70ncDtVrEvz4oZefX6FJTiK1joUY6h
238,BISE_Lahore/10th_Class/2nd_Annual_Supply/BISE_Lahore_10th_Class_2nd_Annual_Supply_2024.pdf,BISE_Lahore_10th_Class_2nd_Annual_Supply_2024.pdf,5973.4,https://drive.google.com/file/d/1JO9GMy20jjysH4MuRmGJnEQhVw7lVvEM/view,https://drive.google.com/uc?export=download&id=1JO9GMy20jjysH4MuRmGJnEQhVw7lVvEM,1JO9GMy20jjysH4MuRmGJnEQhVw7lVvEM
239,BISE_Lahore/10th_Class/2nd_Annual_Supply/BISE_Lahore_10th_Class_2nd_Annual_Supply_2025.pdf,BISE_Lahore_10th_Class_2nd_Annual_Supply_2025.pdf,4718.4,https://drive.google.com/file/d/1-lUs47ihu3Dvtkak2IevZ9Khl8Ft4d7Z/view,https://drive.google.com/uc?export=download&id=1-lUs47ihu3Dvtkak2IevZ9Khl8Ft4d7Z,1-lUs47ihu3Dvtkak2IevZ9Khl8Ft4d7Z
240,BISE_Lahore/10th_Class/2nd_Annual_Supply/BISE_Lahore_10th_Class_2nd_Annual_Supply_2026.pdf,BISE_Lahore_10th_Class_2nd_Annual_Supply_2026.pdf,26083.9,https://drive.google.com/file/d/13dcjcelxPvVOBzA6JDUluJKBQw3xPYei/view,https://drive.google.com/uc?export=download&id=13dcjcelxPvVOBzA6JDUluJKBQw3xPYei,13dcjcelxPvVOBzA6JDUluJKBQw3xPYei
241,BISE_Lahore/10th_Class/Annual/BISE_Lahore_10th_Class_Annual_2019.pdf,BISE_Lahore_10th_Class_Annual_2019.pdf,14328.0,https://drive.google.com/file/d/1uxJuTuMhwO-T0MJUDeOfNEVw7ZhqSwKf/view,https://drive.google.com/uc?export=download&id=1uxJuTuMhwO-T0MJUDeOfNEVw7ZhqSwKf,1uxJuTuMhwO-T0MJUDeOfNEVw7ZhqSwKf
242,BISE_Lahore/10th_Class/Annual/BISE_Lahore_10th_Class_Annual_2021.pdf,BISE_Lahore_10th_Class_Annual_2021.pdf,19018.5,https://drive.google.com/file/d/1NyuHeFeasfqLtfUUBxo7IZqjSpctQeJ5/view,https://drive.google.com/uc?export=download&id=1NyuHeFeasfqLtfUUBxo7IZqjSpctQeJ5,1NyuHeFeasfqLtfUUBxo7IZqjSpctQeJ5
243,BISE_Lahore/10th_Class/Annual/BISE_Lahore_10th_Class_Annual_2022.pdf,BISE_Lahore_10th_Class_Annual_2022.pdf,18523.0,https://drive.google.com/file/d/1hdYrflXbKaefqHeKsuFKh2iXiwCG-Jrm/view,https://drive.google.com/uc?export=download&id=1hdYrflXbKaefqHeKsuFKh2iXiwCG-Jrm,1hdYrflXbKaefqHeKsuFKh2iXiwCG-Jrm
244,BISE_Lahore/10th_Class/Annual/BISE_Lahore_10th_Class_Annual_2023.pdf,BISE_Lahore_10th_Class_Annual_2023.pdf,18584.3,https://drive.google.com/file/d/1vhO0cM-m9c5C2GQnWd1ziipksnT7IxnM/view,https://drive.google.com/uc?export=download&id=1vhO0cM-m9c5C2GQnWd1ziipksnT7IxnM,1vhO0cM-m9c5C2GQnWd1ziipksnT7IxnM
245,BISE_Lahore/10th_Class/Annual/BISE_Lahore_10th_Class_Annual_2024.pdf,BISE_Lahore_10th_Class_Annual_2024.pdf,18669.4,https://drive.google.com/file/d/1uSGgO_SBXTir2MhB0NpsYhHBeKwRFpsl/view,https://drive.google.com/uc?export=download&id=1uSGgO_SBXTir2MhB0NpsYhHBeKwRFpsl,1uSGgO_SBXTir2MhB0NpsYhHBeKwRFpsl
246,BISE_Lahore/10th_Class/Annual/BISE_Lahore_10th_Class_Annual_2025.pdf,BISE_Lahore_10th_Class_Annual_2025.pdf,21661.4,https://drive.google.com/file/d/1zswUYrXsS2saCqKO-9wErqu9oU3U5ANv/view,https://drive.google.com/uc?export=download&id=1zswUYrXsS2saCqKO-9wErqu9oU3U5ANv,1zswUYrXsS2saCqKO-9wErqu9oU3U5ANv
247,BISE_Lahore/11th_Class/Annual/BISE_Lahore_11th_Class_Annual_2019.pdf,BISE_Lahore_11th_Class_Annual_2019.pdf,6209.6,https://drive.google.com/file/d/1Q2WBnvmunjzV3s28F_YWxGbCyXAIWgtv/view,https://drive.google.com/uc?export=download&id=1Q2WBnvmunjzV3s28F_YWxGbCyXAIWgtv,1Q2WBnvmunjzV3s28F_YWxGbCyXAIWgtv
248,BISE_Lahore/11th_Class/Annual/BISE_Lahore_11th_Class_Annual_2021.pdf,BISE_Lahore_11th_Class_Annual_2021.pdf,6464.5,https://drive.google.com/file/d/16d2Xf6zj3A6vmwCPiAhABPC1hPDGlrmA/view,https://drive.google.com/uc?export=download&id=16d2Xf6zj3A6vmwCPiAhABPC1hPDGlrmA,16d2Xf6zj3A6vmwCPiAhABPC1hPDGlrmA
249,BISE_Lahore/11th_Class/Annual/BISE_Lahore_11th_Class_Annual_2022.pdf,BISE_Lahore_11th_Class_Annual_2022.pdf,9905.6,https://drive.google.com/file/d/1QwlF9GCvhYX5QkE8ACe4G9Bcop3GpQn7/view,https://drive.google.com/uc?export=download&id=1QwlF9GCvhYX5QkE8ACe4G9Bcop3GpQn7,1QwlF9GCvhYX5QkE8ACe4G9Bcop3GpQn7
250,BISE_Lahore/11th_Class/Annual/BISE_Lahore_11th_Class_Annual_2023.pdf,BISE_Lahore_11th_Class_Annual_2023.pdf,7958.3,https://drive.google.com/file/d/11ldJG9TRYaMUjr8Jst0UKkL2I2QlNepC/view,https://drive.google.com/uc?export=download&id=11ldJG9TRYaMUjr8Jst0UKkL2I2QlNepC,11ldJG9TRYaMUjr8Jst0UKkL2I2QlNepC
251,BISE_Lahore/11th_Class/Annual/BISE_Lahore_11th_Class_Annual_2024.pdf,BISE_Lahore_11th_Class_Annual_2024.pdf,7724.3,https://drive.google.com/file/d/1fYiSOH2XTguB7e5nyPQkQRhcqQumqDUX/view,https://drive.google.com/uc?export=download&id=1fYiSOH2XTguB7e5nyPQkQRhcqQumqDUX,1fYiSOH2XTguB7e5nyPQkQRhcqQumqDUX
252,BISE_Lahore/11th_Class/Annual/BISE_Lahore_11th_Class_Annual_2025.pdf,BISE_Lahore_11th_Class_Annual_2025.pdf,7089.9,https://drive.google.com/file/d/1qdPRXRrVW3ZMyiN5EMJJZhV_nu9scxu-/view,https://drive.google.com/uc?export=download&id=1qdPRXRrVW3ZMyiN5EMJJZhV_nu9scxu-,1qdPRXRrVW3ZMyiN5EMJJZhV_nu9scxu-
253,BISE_Lahore/12th_Class/2nd_Annual_Supply/BISE_Lahore_12th_Class_2nd_Annual_Supply_2018.pdf,BISE_Lahore_12th_Class_2nd_Annual_Supply_2018.pdf,1665.0,https://drive.google.com/file/d/1uqA17tlWUrLwA2kgNL2mpAiZirLcfl0W/view,https://drive.google.com/uc?export=download&id=1uqA17tlWUrLwA2kgNL2mpAiZirLcfl0W,1uqA17tlWUrLwA2kgNL2mpAiZirLcfl0W
254,BISE_Lahore/12th_Class/2nd_Annual_Supply/BISE_Lahore_12th_Class_2nd_Annual_Supply_2019.pdf,BISE_Lahore_12th_Class_2nd_Annual_Supply_2019.pdf,1665.0,https://drive.google.com/file/d/1pN22MilPZ7_xc9tGCiX5sF8_TKXv2e-p/view,https://drive.google.com/uc?export=download&id=1pN22MilPZ7_xc9tGCiX5sF8_TKXv2e-p,1pN22MilPZ7_xc9tGCiX5sF8_TKXv2e-p
255,BISE_Lahore/12th_Class/2nd_Annual_Supply/BISE_Lahore_12th_Class_2nd_Annual_Supply_2021.pdf,BISE_Lahore_12th_Class_2nd_Annual_Supply_2021.pdf,892.4,https://drive.google.com/file/d/1alZGiSSPvvuZsmhSK3zHlAg-YbCiW0ja/view,https://drive.google.com/uc?export=download&id=1alZGiSSPvvuZsmhSK3zHlAg-YbCiW0ja,1alZGiSSPvvuZsmhSK3zHlAg-YbCiW0ja
256,BISE_Lahore/12th_Class/2nd_Annual_Supply/BISE_Lahore_12th_Class_2nd_Annual_Supply_2022.pdf,BISE_Lahore_12th_Class_2nd_Annual_Supply_2022.pdf,2246.0,https://drive.google.com/file/d/11IDyd3T1P9jEt7jUFYzqpM8o86JOjyVn/view,https://drive.google.com/uc?export=download&id=11IDyd3T1P9jEt7jUFYzqpM8o86JOjyVn,11IDyd3T1P9jEt7jUFYzqpM8o86JOjyVn
257,BISE_Lahore/12th_Class/2nd_Annual_Supply/BISE_Lahore_12th_Class_2nd_Annual_Supply_2023.pdf,BISE_Lahore_12th_Class_2nd_Annual_Supply_2023.pdf,3709.0,https://drive.google.com/file/d/1Q446baLI-ul-HuKIm6kb0JpJUP2eDrZp/view,https://drive.google.com/uc?export=download&id=1Q446baLI-ul-HuKIm6kb0JpJUP2eDrZp,1Q446baLI-ul-HuKIm6kb0JpJUP2eDrZp
258,BISE_Lahore/12th_Class/2nd_Annual_Supply/BISE_Lahore_12th_Class_2nd_Annual_Supply_2024.pdf,BISE_Lahore_12th_Class_2nd_Annual_Supply_2024.pdf,4569.8,https://drive.google.com/file/d/1Ot0iIdlPfP-Ixa4aoda6Qiwt-F2yn-js/view,https://drive.google.com/uc?export=download&id=1Ot0iIdlPfP-Ixa4aoda6Qiwt-F2yn-js,1Ot0iIdlPfP-Ixa4aoda6Qiwt-F2yn-js
259,BISE_Lahore/12th_Class/2nd_Annual_Supply/BISE_Lahore_12th_Class_2nd_Annual_Supply_2025.pdf,BISE_Lahore_12th_Class_2nd_Annual_Supply_2025.pdf,3262.9,https://drive.google.com/file/d/1oQevC2vXk_I2pb5K_rmDVVlKy1jpGaSq/view,https://drive.google.com/uc?export=download&id=1oQevC2vXk_I2pb5K_rmDVVlKy1jpGaSq,1oQevC2vXk_I2pb5K_rmDVVlKy1jpGaSq
260,BISE_Lahore/12th_Class/Annual/BISE_Lahore_12th_Class_Annual_2018.pdf,BISE_Lahore_12th_Class_Annual_2018.pdf,7690.0,https://drive.google.com/file/d/1hJCUoi4G6vCCABWRlm4GJaYVBFMvsh-5/view,https://drive.google.com/uc?export=download&id=1hJCUoi4G6vCCABWRlm4GJaYVBFMvsh-5,1hJCUoi4G6vCCABWRlm4GJaYVBFMvsh-5
261,BISE_Lahore/12th_Class/Annual/BISE_Lahore_12th_Class_Annual_2019.pdf,BISE_Lahore_12th_Class_Annual_2019.pdf,8601.5,https://drive.google.com/file/d/18ta-U56RDfsT6s7EYITANXZmWCYSmJcI/view,https://drive.google.com/uc?export=download&id=18ta-U56RDfsT6s7EYITANXZmWCYSmJcI,18ta-U56RDfsT6s7EYITANXZmWCYSmJcI
262,BISE_Lahore/12th_Class/Annual/BISE_Lahore_12th_Class_Annual_2021.pdf,BISE_Lahore_12th_Class_Annual_2021.pdf,6464.5,https://drive.google.com/file/d/1wXOB7VLBnT6uU29jZe5oz6LnsYN2mzlS/view,https://drive.google.com/uc?export=download&id=1wXOB7VLBnT6uU29jZe5oz6LnsYN2mzlS,1wXOB7VLBnT6uU29jZe5oz6LnsYN2mzlS
263,BISE_Lahore/12th_Class/Annual/BISE_Lahore_12th_Class_Annual_2022.pdf,BISE_Lahore_12th_Class_Annual_2022.pdf,9734.1,https://drive.google.com/file/d/1ua_z6nHt91zuxYVth_ZXX_4s5pIut0_h/view,https://drive.google.com/uc?export=download&id=1ua_z6nHt91zuxYVth_ZXX_4s5pIut0_h,1ua_z6nHt91zuxYVth_ZXX_4s5pIut0_h
264,BISE_Lahore/12th_Class/Annual/BISE_Lahore_12th_Class_Annual_2023.pdf,BISE_Lahore_12th_Class_Annual_2023.pdf,11692.4,https://drive.google.com/file/d/1m0tCHH0aetxsYH_rBado18twkfQ7L1wS/view,https://drive.google.com/uc?export=download&id=1m0tCHH0aetxsYH_rBado18twkfQ7L1wS,1m0tCHH0aetxsYH_rBado18twkfQ7L1wS
265,BISE_Lahore/12th_Class/Annual/BISE_Lahore_12th_Class_Annual_2024.pdf,BISE_Lahore_12th_Class_Annual_2024.pdf,11720.5,https://drive.google.com/file/d/1Frxdncq9VgBtX_7f7YgdBN_nNFbNghMH/view,https://drive.google.com/uc?export=download&id=1Frxdncq9VgBtX_7f7YgdBN_nNFbNghMH,1Frxdncq9VgBtX_7f7YgdBN_nNFbNghMH
266,BISE_Lahore/12th_Class/Annual/BISE_Lahore_12th_Class_Annual_2025.pdf,BISE_Lahore_12th_Class_Annual_2025.pdf,8537.8,https://drive.google.com/file/d/1SIYdgMHs0WB8TEY3JCQbswnlUAOyCi1P/view,https://drive.google.com/uc?export=download&id=1SIYdgMHs0WB8TEY3JCQbswnlUAOyCi1P,1SIYdgMHs0WB8TEY3JCQbswnlUAOyCi1P
267,BISE_Lahore/9th_Class/Annual/BISE_Lahore_9th_Class_Annual_2019.pdf,BISE_Lahore_9th_Class_Annual_2019.pdf,15236.2,https://drive.google.com/file/d/1mj-Kfz6BtDiuwXP8rWI2QTg3XK_4N5YP/view,https://drive.google.com/uc?export=download&id=1mj-Kfz6BtDiuwXP8rWI2QTg3XK_4N5YP,1mj-Kfz6BtDiuwXP8rWI2QTg3XK_4N5YP
268,BISE_Lahore/9th_Class/Annual/BISE_Lahore_9th_Class_Annual_2021.pdf,BISE_Lahore_9th_Class_Annual_2021.pdf,14345.0,https://drive.google.com/file/d/1g9kTisQISXevsj5sf8DyjKHVVUNX0fU1/view,https://drive.google.com/uc?export=download&id=1g9kTisQISXevsj5sf8DyjKHVVUNX0fU1,1g9kTisQISXevsj5sf8DyjKHVVUNX0fU1
269,BISE_Lahore/9th_Class/Annual/BISE_Lahore_9th_Class_Annual_2022.pdf,BISE_Lahore_9th_Class_Annual_2022.pdf,18079.8,https://drive.google.com/file/d/1V82g19bgkZsjtdDqFdTfYC-n-QAyrW_R/view,https://drive.google.com/uc?export=download&id=1V82g19bgkZsjtdDqFdTfYC-n-QAyrW_R,1V82g19bgkZsjtdDqFdTfYC-n-QAyrW_R
270,BISE_Lahore/9th_Class/Annual/BISE_Lahore_9th_Class_Annual_2023.pdf,BISE_Lahore_9th_Class_Annual_2023.pdf,18289.5,https://drive.google.com/file/d/1KjpicixFHACJChaTzQ5yygcD4rVYf3rz/view,https://drive.google.com/uc?export=download&id=1KjpicixFHACJChaTzQ5yygcD4rVYf3rz,1KjpicixFHACJChaTzQ5yygcD4rVYf3rz
271,BISE_Lahore/9th_Class/Annual/BISE_Lahore_9th_Class_Annual_2024.pdf,BISE_Lahore_9th_Class_Annual_2024.pdf,17056.2,https://drive.google.com/file/d/1KKUKb8qYOl6KxQrOML_4LTwYps53gUrT/view,https://drive.google.com/uc?export=download&id=1KKUKb8qYOl6KxQrOML_4LTwYps53gUrT,1KKUKb8qYOl6KxQrOML_4LTwYps53gUrT
272,BISE_Lahore/9th_Class/Annual/BISE_Lahore_9th_Class_Annual_2025.pdf,BISE_Lahore_9th_Class_Annual_2025.pdf,16894.9,https://drive.google.com/file/d/148ORAPLqyU0cni_cCE4tQCj9Ie_zx3DK/view,https://drive.google.com/uc?export=download&id=148ORAPLqyU0cni_cCE4tQCj9Ie_zx3DK,148ORAPLqyU0cni_cCE4tQCj9Ie_zx3DK
273,BISE_Lahore/9th_Class/Annual/BISE_Lahore_9th_Class_Annual_2026.pdf,BISE_Lahore_9th_Class_Annual_2026.pdf,16514.8,https://drive.google.com/file/d/1uMEbBon_qqRyBE_meBZ7H4o_FX-xXHPe/view,https://drive.google.com/uc?export=download&id=1uMEbBon_qqRyBE_meBZ7H4o_FX-xXHPe,1uMEbBon_qqRyBE_meBZ7H4o_FX-xXHPe
274,BISE_Larkana/10th_Class/Annual/BISE_Larkana_10th_Class_Annual_2026_general.pdf,BISE_Larkana_10th_Class_Annual_2026_general.pdf,75971.9,https://drive.google.com/file/d/1qyjMOL2YPqr28HOpUXUsFG7hqTFOlcwU/view,https://drive.google.com/uc?export=download&id=1qyjMOL2YPqr28HOpUXUsFG7hqTFOlcwU,1qyjMOL2YPqr28HOpUXUsFG7hqTFOlcwU
275,BISE_Larkana/9th_Class/Annual/BISE_Larkana_9th_Class_Annual_2025_general.pdf,BISE_Larkana_9th_Class_Annual_2025_general.pdf,7896.2,https://drive.google.com/file/d/1jyKQwmyvF1I0yv4fnaoSLXkjO6wX5ZSr/view,https://drive.google.com/uc?export=download&id=1jyKQwmyvF1I0yv4fnaoSLXkjO6wX5ZSr,1jyKQwmyvF1I0yv4fnaoSLXkjO6wX5ZSr
276,BISE_Malakand/10th_Class/Annual/BISE_Malakand_10th_Class_Annual_2022.pdf,BISE_Malakand_10th_Class_Annual_2022.pdf,26968.2,https://drive.google.com/file/d/1WtbQQjV8v7okJnrvQgkZnKMHhP7X9YV4/view,https://drive.google.com/uc?export=download&id=1WtbQQjV8v7okJnrvQgkZnKMHhP7X9YV4,1WtbQQjV8v7okJnrvQgkZnKMHhP7X9YV4
277,BISE_Malakand/10th_Class/Annual/BISE_Malakand_10th_Class_Annual_2023.pdf,BISE_Malakand_10th_Class_Annual_2023.pdf,34441.7,https://drive.google.com/file/d/1r-9daCdsRWEZjWocYizq8m9YxaPFNb_r/view,https://drive.google.com/uc?export=download&id=1r-9daCdsRWEZjWocYizq8m9YxaPFNb_r,1r-9daCdsRWEZjWocYizq8m9YxaPFNb_r
278,BISE_Malakand/10th_Class/Annual/BISE_Malakand_10th_Class_Annual_2024.pdf,BISE_Malakand_10th_Class_Annual_2024.pdf,7191.6,https://drive.google.com/file/d/12A0EifZ15-Wme6e8yyG2bEonuV2WWaCG/view,https://drive.google.com/uc?export=download&id=12A0EifZ15-Wme6e8yyG2bEonuV2WWaCG,12A0EifZ15-Wme6e8yyG2bEonuV2WWaCG
279,BISE_Malakand/10th_Class/Annual/BISE_Malakand_10th_Class_Annual_2025.pdf,BISE_Malakand_10th_Class_Annual_2025.pdf,15865.6,https://drive.google.com/file/d/1gmazMAuiBSaAWg5_QaJGN_ECbPlG42IP/view,https://drive.google.com/uc?export=download&id=1gmazMAuiBSaAWg5_QaJGN_ECbPlG42IP,1gmazMAuiBSaAWg5_QaJGN_ECbPlG42IP
280,BISE_Malakand/10th_Class/Annual/BISE_Malakand_10th_Class_Annual_2026.pdf,BISE_Malakand_10th_Class_Annual_2026.pdf,6336.0,https://drive.google.com/file/d/1AOshvH20dGn9N2qeeavpML9IAu4XWn8B/view,https://drive.google.com/uc?export=download&id=1AOshvH20dGn9N2qeeavpML9IAu4XWn8B,1AOshvH20dGn9N2qeeavpML9IAu4XWn8B
281,BISE_Malakand/9th_Class/Annual/BISE_Malakand_9th_Class_Annual_2022.pdf,BISE_Malakand_9th_Class_Annual_2022.pdf,30994.9,https://drive.google.com/file/d/1_4un8TMNk7HOGgfsskBVcv_IQVkENAtK/view,https://drive.google.com/uc?export=download&id=1_4un8TMNk7HOGgfsskBVcv_IQVkENAtK,1_4un8TMNk7HOGgfsskBVcv_IQVkENAtK
282,BISE_Malakand/9th_Class/Annual/BISE_Malakand_9th_Class_Annual_2023.pdf,BISE_Malakand_9th_Class_Annual_2023.pdf,34463.4,https://drive.google.com/file/d/1Edoj-fohwWdByH4E1tsSEZcbypfTGUpP/view,https://drive.google.com/uc?export=download&id=1Edoj-fohwWdByH4E1tsSEZcbypfTGUpP,1Edoj-fohwWdByH4E1tsSEZcbypfTGUpP
283,BISE_Malakand/9th_Class/Annual/BISE_Malakand_9th_Class_Annual_2024.pdf,BISE_Malakand_9th_Class_Annual_2024.pdf,6695.1,https://drive.google.com/file/d/12e_1x2qd99oeHNu9CAOQ2CuT4w2u_v-c/view,https://drive.google.com/uc?export=download&id=12e_1x2qd99oeHNu9CAOQ2CuT4w2u_v-c,12e_1x2qd99oeHNu9CAOQ2CuT4w2u_v-c
284,BISE_Malakand/9th_Class/Annual/BISE_Malakand_9th_Class_Annual_2025.pdf,BISE_Malakand_9th_Class_Annual_2025.pdf,16347.0,https://drive.google.com/file/d/13RfnNp1QssRZv90Ytsmh4g84o81KPAHh/view,https://drive.google.com/uc?export=download&id=13RfnNp1QssRZv90Ytsmh4g84o81KPAHh,13RfnNp1QssRZv90Ytsmh4g84o81KPAHh
285,BISE_Malakand/9th_Class/Annual/BISE_Malakand_9th_Class_Annual_2026.pdf,BISE_Malakand_9th_Class_Annual_2026.pdf,8728.5,https://drive.google.com/file/d/1CyeEsNhv4EtInraBja8Epp0zKpe9zw9_/view,https://drive.google.com/uc?export=download&id=1CyeEsNhv4EtInraBja8Epp0zKpe9zw9_,1CyeEsNhv4EtInraBja8Epp0zKpe9zw9_
286,BISE_Mardan/10th_Class/Annual/BISE_Mardan_10th_Class_Annual_2021.pdf,BISE_Mardan_10th_Class_Annual_2021.pdf,39250.8,https://drive.google.com/file/d/1lSSATBtpR1sCXG_E9SgmLp1TG1LgTyG0/view,https://drive.google.com/uc?export=download&id=1lSSATBtpR1sCXG_E9SgmLp1TG1LgTyG0,1lSSATBtpR1sCXG_E9SgmLp1TG1LgTyG0
287,BISE_Mardan/10th_Class/Annual/BISE_Mardan_10th_Class_Annual_2022.pdf,BISE_Mardan_10th_Class_Annual_2022.pdf,12692.8,https://drive.google.com/file/d/1DpG_yX6TQ26UZEGxWpwttKI7zCibJiqz/view,https://drive.google.com/uc?export=download&id=1DpG_yX6TQ26UZEGxWpwttKI7zCibJiqz,1DpG_yX6TQ26UZEGxWpwttKI7zCibJiqz
288,BISE_Mardan/10th_Class/Annual/BISE_Mardan_10th_Class_Annual_2023.pdf,BISE_Mardan_10th_Class_Annual_2023.pdf,14691.7,https://drive.google.com/file/d/1MqNHCCLNyn56fVRnwH59sGNLZG1RvLAx/view,https://drive.google.com/uc?export=download&id=1MqNHCCLNyn56fVRnwH59sGNLZG1RvLAx,1MqNHCCLNyn56fVRnwH59sGNLZG1RvLAx
289,BISE_Mardan/10th_Class/Annual/BISE_Mardan_10th_Class_Annual_2024.pdf,BISE_Mardan_10th_Class_Annual_2024.pdf,13258.2,https://drive.google.com/file/d/15YEpHrzePdAXcIR_WF0RAM6pZQayxpIr/view,https://drive.google.com/uc?export=download&id=15YEpHrzePdAXcIR_WF0RAM6pZQayxpIr,15YEpHrzePdAXcIR_WF0RAM6pZQayxpIr
290,BISE_Mardan/10th_Class/Annual/BISE_Mardan_10th_Class_Annual_2025.pdf,BISE_Mardan_10th_Class_Annual_2025.pdf,20210.2,https://drive.google.com/file/d/1-exFju2Bf7s2NcHf6i6dALxm5b7yPoYf/view,https://drive.google.com/uc?export=download&id=1-exFju2Bf7s2NcHf6i6dALxm5b7yPoYf,1-exFju2Bf7s2NcHf6i6dALxm5b7yPoYf
291,BISE_Mardan/10th_Class/Annual/BISE_Mardan_10th_Class_Annual_2026.pdf,BISE_Mardan_10th_Class_Annual_2026.pdf,18094.6,https://drive.google.com/file/d/1c2SXCuFa6-_WfKhEi4URzh04mYnfas3F/view,https://drive.google.com/uc?export=download&id=1c2SXCuFa6-_WfKhEi4URzh04mYnfas3F,1c2SXCuFa6-_WfKhEi4URzh04mYnfas3F
292,BISE_Mardan/9th_Class/Annual/BISE_Mardan_9th_Class_Annual_2021.pdf,BISE_Mardan_9th_Class_Annual_2021.pdf,39250.8,https://drive.google.com/file/d/1D1MfgNy_dHMuSNzafft7SMRE2Iq-kCR6/view,https://drive.google.com/uc?export=download&id=1D1MfgNy_dHMuSNzafft7SMRE2Iq-kCR6,1D1MfgNy_dHMuSNzafft7SMRE2Iq-kCR6
293,BISE_Mardan/9th_Class/Annual/BISE_Mardan_9th_Class_Annual_2022.pdf,BISE_Mardan_9th_Class_Annual_2022.pdf,11076.3,https://drive.google.com/file/d/1jXAJkRzybvSmVOBETTynfzSYhL4VWEcB/view,https://drive.google.com/uc?export=download&id=1jXAJkRzybvSmVOBETTynfzSYhL4VWEcB,1jXAJkRzybvSmVOBETTynfzSYhL4VWEcB
294,BISE_Mardan/9th_Class/Annual/BISE_Mardan_9th_Class_Annual_2023.pdf,BISE_Mardan_9th_Class_Annual_2023.pdf,14324.7,https://drive.google.com/file/d/1SD8LQwCQxST-_t_8xXCak1f-STIj6AVI/view,https://drive.google.com/uc?export=download&id=1SD8LQwCQxST-_t_8xXCak1f-STIj6AVI,1SD8LQwCQxST-_t_8xXCak1f-STIj6AVI
295,BISE_Mardan/9th_Class/Annual/BISE_Mardan_9th_Class_Annual_2024.pdf,BISE_Mardan_9th_Class_Annual_2024.pdf,12472.8,https://drive.google.com/file/d/1o2v_lT6ytWRqPFzv4xlpglRZMdm9XM6t/view,https://drive.google.com/uc?export=download&id=1o2v_lT6ytWRqPFzv4xlpglRZMdm9XM6t,1o2v_lT6ytWRqPFzv4xlpglRZMdm9XM6t
296,BISE_Mardan/9th_Class/Annual/BISE_Mardan_9th_Class_Annual_2025.pdf,BISE_Mardan_9th_Class_Annual_2025.pdf,19345.6,https://drive.google.com/file/d/10H6UfOIEI0i79VC2TqM8Fa-oUE-qn8ne/view,https://drive.google.com/uc?export=download&id=10H6UfOIEI0i79VC2TqM8Fa-oUE-qn8ne,10H6UfOIEI0i79VC2TqM8Fa-oUE-qn8ne
297,BISE_Mardan/9th_Class/Annual/BISE_Mardan_9th_Class_Annual_2026.pdf,BISE_Mardan_9th_Class_Annual_2026.pdf,17682.4,https://drive.google.com/file/d/1-KtmQ9o9liKEVGU3VdHpksg4X7MyaYGZ/view,https://drive.google.com/uc?export=download&id=1-KtmQ9o9liKEVGU3VdHpksg4X7MyaYGZ,1-KtmQ9o9liKEVGU3VdHpksg4X7MyaYGZ
298,BISE_Multan/10th_Class/2nd_Annual_Supply/BISE_Multan_10th_Class_2nd_Annual_Supply_2022.pdf,BISE_Multan_10th_Class_2nd_Annual_Supply_2022.pdf,838.4,https://drive.google.com/file/d/1hmZ3Al1y0Pp0LgEJaOkU1_ADVfEeBtCF/view,https://drive.google.com/uc?export=download&id=1hmZ3Al1y0Pp0LgEJaOkU1_ADVfEeBtCF,1hmZ3Al1y0Pp0LgEJaOkU1_ADVfEeBtCF
299,BISE_Multan/10th_Class/2nd_Annual_Supply/BISE_Multan_10th_Class_2nd_Annual_Supply_2024.pdf,BISE_Multan_10th_Class_2nd_Annual_Supply_2024.pdf,769.5,https://drive.google.com/file/d/193tmu45cD-NzDvK0CCKTDC5IQWPS9Tzt/view,https://drive.google.com/uc?export=download&id=193tmu45cD-NzDvK0CCKTDC5IQWPS9Tzt,193tmu45cD-NzDvK0CCKTDC5IQWPS9Tzt
300,BISE_Multan/10th_Class/2nd_Annual_Supply/BISE_Multan_10th_Class_2nd_Annual_Supply_2025.pdf,BISE_Multan_10th_Class_2nd_Annual_Supply_2025.pdf,2906.7,https://drive.google.com/file/d/1MzYy_uefTtHpxYZXKCKH_cTlnuHI9pHR/view,https://drive.google.com/uc?export=download&id=1MzYy_uefTtHpxYZXKCKH_cTlnuHI9pHR,1MzYy_uefTtHpxYZXKCKH_cTlnuHI9pHR
301,BISE_Multan/10th_Class/Annual/BISE_Multan_10th_Class_Annual_2017.pdf,BISE_Multan_10th_Class_Annual_2017.pdf,7773.5,https://drive.google.com/file/d/19CoLjRQ0G1aMkqwcfZnn_umIYu4zmZHc/view,https://drive.google.com/uc?export=download&id=19CoLjRQ0G1aMkqwcfZnn_umIYu4zmZHc,19CoLjRQ0G1aMkqwcfZnn_umIYu4zmZHc
302,BISE_Multan/10th_Class/Annual/BISE_Multan_10th_Class_Annual_2018.pdf,BISE_Multan_10th_Class_Annual_2018.pdf,7396.2,https://drive.google.com/file/d/1mLnTQew8oyGCxbPar_k7UImp-Bcse8ok/view,https://drive.google.com/uc?export=download&id=1mLnTQew8oyGCxbPar_k7UImp-Bcse8ok,1mLnTQew8oyGCxbPar_k7UImp-Bcse8ok
303,BISE_Multan/10th_Class/Annual/BISE_Multan_10th_Class_Annual_2021.pdf,BISE_Multan_10th_Class_Annual_2021.pdf,9828.8,https://drive.google.com/file/d/1329TbG09dwvAhWhwP5TVLHzFLRLWdm2m/view,https://drive.google.com/uc?export=download&id=1329TbG09dwvAhWhwP5TVLHzFLRLWdm2m,1329TbG09dwvAhWhwP5TVLHzFLRLWdm2m
304,BISE_Multan/10th_Class/Annual/BISE_Multan_10th_Class_Annual_2022.pdf,BISE_Multan_10th_Class_Annual_2022.pdf,8039.5,https://drive.google.com/file/d/101z_i_F43oQlHnMx7vwyWcrO0BAujZsA/view,https://drive.google.com/uc?export=download&id=101z_i_F43oQlHnMx7vwyWcrO0BAujZsA,101z_i_F43oQlHnMx7vwyWcrO0BAujZsA
305,BISE_Multan/10th_Class/Annual/BISE_Multan_10th_Class_Annual_2023.pdf,BISE_Multan_10th_Class_Annual_2023.pdf,7485.8,https://drive.google.com/file/d/1-BSrMcb0Px6xyPTz_mF4Gz7939arbst-/view,https://drive.google.com/uc?export=download&id=1-BSrMcb0Px6xyPTz_mF4Gz7939arbst-,1-BSrMcb0Px6xyPTz_mF4Gz7939arbst-
306,BISE_Multan/10th_Class/Annual/BISE_Multan_10th_Class_Annual_2024.pdf,BISE_Multan_10th_Class_Annual_2024.pdf,8550.2,https://drive.google.com/file/d/1Ck0dXnQPEUGnN8FqNnNL4LVloraulCoU/view,https://drive.google.com/uc?export=download&id=1Ck0dXnQPEUGnN8FqNnNL4LVloraulCoU,1Ck0dXnQPEUGnN8FqNnNL4LVloraulCoU
307,BISE_Multan/10th_Class/Annual/BISE_Multan_10th_Class_Annual_2025.pdf,BISE_Multan_10th_Class_Annual_2025.pdf,7951.8,https://drive.google.com/file/d/14PaFyRWI-n2PzDUQOZ38HoCT6mHmgN8s/view,https://drive.google.com/uc?export=download&id=14PaFyRWI-n2PzDUQOZ38HoCT6mHmgN8s,14PaFyRWI-n2PzDUQOZ38HoCT6mHmgN8s
308,BISE_Multan/10th_Class/Annual/BISE_Multan_10th_Class_Annual_2026.pdf,BISE_Multan_10th_Class_Annual_2026.pdf,9196.2,https://drive.google.com/file/d/1RtKKpQKJd4KxTqGgW0ZQuGODvhfpG4ni/view,https://drive.google.com/uc?export=download&id=1RtKKpQKJd4KxTqGgW0ZQuGODvhfpG4ni,1RtKKpQKJd4KxTqGgW0ZQuGODvhfpG4ni
309,BISE_Multan/11th_Class/Annual/BISE_Multan_11th_Class_Annual_2016.pdf,BISE_Multan_11th_Class_Annual_2016.pdf,4272.9,https://drive.google.com/file/d/1KyDd2sVY2-mcBsws7G7FapDRSGyUmhCE/view,https://drive.google.com/uc?export=download&id=1KyDd2sVY2-mcBsws7G7FapDRSGyUmhCE,1KyDd2sVY2-mcBsws7G7FapDRSGyUmhCE
310,BISE_Multan/11th_Class/Annual/BISE_Multan_11th_Class_Annual_2017.pdf,BISE_Multan_11th_Class_Annual_2017.pdf,4685.9,https://drive.google.com/file/d/1OV0e4SFveNTBDgPbR3R16JkYYVjviTQo/view,https://drive.google.com/uc?export=download&id=1OV0e4SFveNTBDgPbR3R16JkYYVjviTQo,1OV0e4SFveNTBDgPbR3R16JkYYVjviTQo
311,BISE_Multan/11th_Class/Annual/BISE_Multan_11th_Class_Annual_2018.pdf,BISE_Multan_11th_Class_Annual_2018.pdf,4829.0,https://drive.google.com/file/d/1z1Jkj5Ttxywp1ZSGHwW9LBNvVYkQOeD6/view,https://drive.google.com/uc?export=download&id=1z1Jkj5Ttxywp1ZSGHwW9LBNvVYkQOeD6,1z1Jkj5Ttxywp1ZSGHwW9LBNvVYkQOeD6
312,BISE_Multan/11th_Class/Annual/BISE_Multan_11th_Class_Annual_2019.pdf,BISE_Multan_11th_Class_Annual_2019.pdf,5824.4,https://drive.google.com/file/d/13ujUsMsGzE3frebJBkah59R3M3rYQHMr/view,https://drive.google.com/uc?export=download&id=13ujUsMsGzE3frebJBkah59R3M3rYQHMr,13ujUsMsGzE3frebJBkah59R3M3rYQHMr
313,BISE_Multan/11th_Class/Annual/BISE_Multan_11th_Class_Annual_2021.pdf,BISE_Multan_11th_Class_Annual_2021.pdf,4925.3,https://drive.google.com/file/d/1lbqYZQdjJ8eUfgoLLPbDUuG11LEt26Eq/view,https://drive.google.com/uc?export=download&id=1lbqYZQdjJ8eUfgoLLPbDUuG11LEt26Eq,1lbqYZQdjJ8eUfgoLLPbDUuG11LEt26Eq
314,BISE_Multan/11th_Class/Annual/BISE_Multan_11th_Class_Annual_2022.pdf,BISE_Multan_11th_Class_Annual_2022.pdf,5768.7,https://drive.google.com/file/d/1Uul2BXs6z4QfcV-zp3wNoq3b0x4NkBPv/view,https://drive.google.com/uc?export=download&id=1Uul2BXs6z4QfcV-zp3wNoq3b0x4NkBPv,1Uul2BXs6z4QfcV-zp3wNoq3b0x4NkBPv
315,BISE_Multan/11th_Class/Annual/BISE_Multan_11th_Class_Annual_2023.pdf,BISE_Multan_11th_Class_Annual_2023.pdf,5208.2,https://drive.google.com/file/d/1IhUUTGnsN1MqKlmfCzFI500jRdSKmOdV/view,https://drive.google.com/uc?export=download&id=1IhUUTGnsN1MqKlmfCzFI500jRdSKmOdV,1IhUUTGnsN1MqKlmfCzFI500jRdSKmOdV
316,BISE_Multan/11th_Class/Annual/BISE_Multan_11th_Class_Annual_2024.pdf,BISE_Multan_11th_Class_Annual_2024.pdf,4625.6,https://drive.google.com/file/d/1bkooGeXlfyQRjv_gx_wtZldN17yeCyxJ/view,https://drive.google.com/uc?export=download&id=1bkooGeXlfyQRjv_gx_wtZldN17yeCyxJ,1bkooGeXlfyQRjv_gx_wtZldN17yeCyxJ
317,BISE_Multan/11th_Class/Annual/BISE_Multan_11th_Class_Annual_2025.pdf,BISE_Multan_11th_Class_Annual_2025.pdf,4551.1,https://drive.google.com/file/d/1_ecnWREET0ygt5WSK7nE6oLjgusddV1j/view,https://drive.google.com/uc?export=download&id=1_ecnWREET0ygt5WSK7nE6oLjgusddV1j,1_ecnWREET0ygt5WSK7nE6oLjgusddV1j
318,BISE_Multan/12th_Class/2nd_Annual_Supply/BISE_Multan_12th_Class_2nd_Annual_Supply_2020.pdf,BISE_Multan_12th_Class_2nd_Annual_Supply_2020.pdf,861.7,https://drive.google.com/file/d/1Xsg8eGvwKTqUitWX9rTbeZcV0zlLXiWN/view,https://drive.google.com/uc?export=download&id=1Xsg8eGvwKTqUitWX9rTbeZcV0zlLXiWN,1Xsg8eGvwKTqUitWX9rTbeZcV0zlLXiWN
319,BISE_Multan/12th_Class/2nd_Annual_Supply/BISE_Multan_12th_Class_2nd_Annual_Supply_2022.pdf,BISE_Multan_12th_Class_2nd_Annual_Supply_2022.pdf,861.7,https://drive.google.com/file/d/1UP23bwz2WP_QhpMJYkZmYkOJqnNBpJzX/view,https://drive.google.com/uc?export=download&id=1UP23bwz2WP_QhpMJYkZmYkOJqnNBpJzX,1UP23bwz2WP_QhpMJYkZmYkOJqnNBpJzX
320,BISE_Multan/12th_Class/2nd_Annual_Supply/BISE_Multan_12th_Class_2nd_Annual_Supply_2025.pdf,BISE_Multan_12th_Class_2nd_Annual_Supply_2025.pdf,3388.6,https://drive.google.com/file/d/1wuU_-zIF7awjlY11-Dx3oCK1MALFvEkw/view,https://drive.google.com/uc?export=download&id=1wuU_-zIF7awjlY11-Dx3oCK1MALFvEkw,1wuU_-zIF7awjlY11-Dx3oCK1MALFvEkw
321,BISE_Multan/12th_Class/Annual/BISE_Multan_12th_Class_Annual_2017.pdf,BISE_Multan_12th_Class_Annual_2017.pdf,6067.3,https://drive.google.com/file/d/1wYgECBdoy1c6p9wu57QU7D-QB0fmPhhE/view,https://drive.google.com/uc?export=download&id=1wYgECBdoy1c6p9wu57QU7D-QB0fmPhhE,1wYgECBdoy1c6p9wu57QU7D-QB0fmPhhE
322,BISE_Multan/12th_Class/Annual/BISE_Multan_12th_Class_Annual_2018.pdf,BISE_Multan_12th_Class_Annual_2018.pdf,6305.5,https://drive.google.com/file/d/1O3VYhB9ZG65d3ZWpdMiDhbXip-OBENdw/view,https://drive.google.com/uc?export=download&id=1O3VYhB9ZG65d3ZWpdMiDhbXip-OBENdw,1O3VYhB9ZG65d3ZWpdMiDhbXip-OBENdw
323,BISE_Multan/12th_Class/Annual/BISE_Multan_12th_Class_Annual_2019.pdf,BISE_Multan_12th_Class_Annual_2019.pdf,81.4,https://drive.google.com/file/d/1GpwSX5vo3_3KJaGNevhb7ID7FXKVSZTS/view,https://drive.google.com/uc?export=download&id=1GpwSX5vo3_3KJaGNevhb7ID7FXKVSZTS,1GpwSX5vo3_3KJaGNevhb7ID7FXKVSZTS
324,BISE_Multan/12th_Class/Annual/BISE_Multan_12th_Class_Annual_2021.pdf,BISE_Multan_12th_Class_Annual_2021.pdf,6710.0,https://drive.google.com/file/d/1PYr8a2GYdhsI-wgUXOsmD-x-OCE6q0NL/view,https://drive.google.com/uc?export=download&id=1PYr8a2GYdhsI-wgUXOsmD-x-OCE6q0NL,1PYr8a2GYdhsI-wgUXOsmD-x-OCE6q0NL
325,BISE_Multan/12th_Class/Annual/BISE_Multan_12th_Class_Annual_2022.pdf,BISE_Multan_12th_Class_Annual_2022.pdf,9949.3,https://drive.google.com/file/d/1GkN9no1wm2NcQdV0D1Ea8OrBcmj-2A2P/view,https://drive.google.com/uc?export=download&id=1GkN9no1wm2NcQdV0D1Ea8OrBcmj-2A2P,1GkN9no1wm2NcQdV0D1Ea8OrBcmj-2A2P
326,BISE_Multan/12th_Class/Annual/BISE_Multan_12th_Class_Annual_2023.pdf,BISE_Multan_12th_Class_Annual_2023.pdf,7214.3,https://drive.google.com/file/d/1Bxp5uMeE-8Sqbn6WLOWYJEfkdXoBiRB_/view,https://drive.google.com/uc?export=download&id=1Bxp5uMeE-8Sqbn6WLOWYJEfkdXoBiRB_,1Bxp5uMeE-8Sqbn6WLOWYJEfkdXoBiRB_
327,BISE_Multan/12th_Class/Annual/BISE_Multan_12th_Class_Annual_2024.pdf,BISE_Multan_12th_Class_Annual_2024.pdf,7559.0,https://drive.google.com/file/d/1O6rs3XzQvguujxuTynjRRLGLp4GujPvq/view,https://drive.google.com/uc?export=download&id=1O6rs3XzQvguujxuTynjRRLGLp4GujPvq,1O6rs3XzQvguujxuTynjRRLGLp4GujPvq
328,BISE_Multan/12th_Class/Annual/BISE_Multan_12th_Class_Annual_2025.pdf,BISE_Multan_12th_Class_Annual_2025.pdf,6766.6,https://drive.google.com/file/d/1PyXKaBZnkvhH9WhxOUpgt-3cLaxidauh/view,https://drive.google.com/uc?export=download&id=1PyXKaBZnkvhH9WhxOUpgt-3cLaxidauh,1PyXKaBZnkvhH9WhxOUpgt-3cLaxidauh
329,BISE_Multan/9th_Class/Annual/BISE_Multan_9th_Class_Annual_2017.pdf,BISE_Multan_9th_Class_Annual_2017.pdf,8881.2,https://drive.google.com/file/d/1IiI7Ns5HeEKCrHQJOta4lOHgO9fHf0ST/view,https://drive.google.com/uc?export=download&id=1IiI7Ns5HeEKCrHQJOta4lOHgO9fHf0ST,1IiI7Ns5HeEKCrHQJOta4lOHgO9fHf0ST
330,BISE_Multan/9th_Class/Annual/BISE_Multan_9th_Class_Annual_2019.pdf,BISE_Multan_9th_Class_Annual_2019.pdf,9788.0,https://drive.google.com/file/d/1ql2ZdFFc3wbKyQuTwnHyUwM3pINnnb2R/view,https://drive.google.com/uc?export=download&id=1ql2ZdFFc3wbKyQuTwnHyUwM3pINnnb2R,1ql2ZdFFc3wbKyQuTwnHyUwM3pINnnb2R
331,BISE_Multan/9th_Class/Annual/BISE_Multan_9th_Class_Annual_2021.pdf,BISE_Multan_9th_Class_Annual_2021.pdf,9362.0,https://drive.google.com/file/d/1-610fzFKzgfSPA88zvWdY0yY78uOOdAW/view,https://drive.google.com/uc?export=download&id=1-610fzFKzgfSPA88zvWdY0yY78uOOdAW,1-610fzFKzgfSPA88zvWdY0yY78uOOdAW
332,BISE_Multan/9th_Class/Annual/BISE_Multan_9th_Class_Annual_2022.pdf,BISE_Multan_9th_Class_Annual_2022.pdf,9862.9,https://drive.google.com/file/d/1q7TZsZFEAH-PsHblqQihXbtmxikaKLIF/view,https://drive.google.com/uc?export=download&id=1q7TZsZFEAH-PsHblqQihXbtmxikaKLIF,1q7TZsZFEAH-PsHblqQihXbtmxikaKLIF
333,BISE_Multan/9th_Class/Annual/BISE_Multan_9th_Class_Annual_2023.pdf,BISE_Multan_9th_Class_Annual_2023.pdf,10998.0,https://drive.google.com/file/d/1HHUUyIy1lzqgWJVS7oiCpopwZhHzrJWD/view,https://drive.google.com/uc?export=download&id=1HHUUyIy1lzqgWJVS7oiCpopwZhHzrJWD,1HHUUyIy1lzqgWJVS7oiCpopwZhHzrJWD
334,BISE_Multan/9th_Class/Annual/BISE_Multan_9th_Class_Annual_2025.pdf,BISE_Multan_9th_Class_Annual_2025.pdf,10128.1,https://drive.google.com/file/d/1Cj92F-g2hzGzIR9kAI0KqW1p0usT_d26/view,https://drive.google.com/uc?export=download&id=1Cj92F-g2hzGzIR9kAI0KqW1p0usT_d26,1Cj92F-g2hzGzIR9kAI0KqW1p0usT_d26
335,BISE_Multan/9th_Class/Annual/BISE_Multan_9th_Class_Annual_2026.pdf,BISE_Multan_9th_Class_Annual_2026.pdf,10729.9,https://drive.google.com/file/d/1X4YzC0SphCld9Skgo7kTnrwqlcMEk9rN/view,https://drive.google.com/uc?export=download&id=1X4YzC0SphCld9Skgo7kTnrwqlcMEk9rN,1X4YzC0SphCld9Skgo7kTnrwqlcMEk9rN
336,BISE_Peshawar/10th_Class/Annual/BISE_Peshawar_10th_Class_Annual_2022.pdf,BISE_Peshawar_10th_Class_Annual_2022.pdf,19559.9,https://drive.google.com/file/d/1BuHfXexMo9VhyCeRPNev4uMfw-UKnjMZ/view,https://drive.google.com/uc?export=download&id=1BuHfXexMo9VhyCeRPNev4uMfw-UKnjMZ,1BuHfXexMo9VhyCeRPNev4uMfw-UKnjMZ
337,BISE_Peshawar/10th_Class/Annual/BISE_Peshawar_10th_Class_Annual_2023.pdf,BISE_Peshawar_10th_Class_Annual_2023.pdf,19675.7,https://drive.google.com/file/d/1Kk9Ms74Lzm7vN0Q6TQt99sBh2SRqeeqO/view,https://drive.google.com/uc?export=download&id=1Kk9Ms74Lzm7vN0Q6TQt99sBh2SRqeeqO,1Kk9Ms74Lzm7vN0Q6TQt99sBh2SRqeeqO
338,BISE_Peshawar/10th_Class/Annual/BISE_Peshawar_10th_Class_Annual_2024.pdf,BISE_Peshawar_10th_Class_Annual_2024.pdf,20602.5,https://drive.google.com/file/d/1Ayf248qHQHCESXsePn5zMACSC7uqfpZ_/view,https://drive.google.com/uc?export=download&id=1Ayf248qHQHCESXsePn5zMACSC7uqfpZ_,1Ayf248qHQHCESXsePn5zMACSC7uqfpZ_
339,BISE_Peshawar/10th_Class/Annual/BISE_Peshawar_10th_Class_Annual_2025.pdf,BISE_Peshawar_10th_Class_Annual_2025.pdf,19202.9,https://drive.google.com/file/d/1r68Kz_jpsFKayITQ-4XcsEglOYQly06i/view,https://drive.google.com/uc?export=download&id=1r68Kz_jpsFKayITQ-4XcsEglOYQly06i,1r68Kz_jpsFKayITQ-4XcsEglOYQly06i
340,BISE_Peshawar/10th_Class/Annual/BISE_Peshawar_10th_Class_Annual_2026.pdf,BISE_Peshawar_10th_Class_Annual_2026.pdf,21242.0,https://drive.google.com/file/d/1bFKQEtFjxOx1MYMOnIiz9r3nKiNw1mbp/view,https://drive.google.com/uc?export=download&id=1bFKQEtFjxOx1MYMOnIiz9r3nKiNw1mbp,1bFKQEtFjxOx1MYMOnIiz9r3nKiNw1mbp
341,BISE_Peshawar/9th_Class/Annual/BISE_Peshawar_9th_Class_Annual_2023.pdf,BISE_Peshawar_9th_Class_Annual_2023.pdf,21094.5,https://drive.google.com/file/d/1tEkPVDoFPwvltSiF07t3iB0gRQjZIJwH/view,https://drive.google.com/uc?export=download&id=1tEkPVDoFPwvltSiF07t3iB0gRQjZIJwH,1tEkPVDoFPwvltSiF07t3iB0gRQjZIJwH
342,BISE_Peshawar/9th_Class/Annual/BISE_Peshawar_9th_Class_Annual_2024.pdf,BISE_Peshawar_9th_Class_Annual_2024.pdf,20602.5,https://drive.google.com/file/d/1L1tiM_XkyJk_E3yzFFA5t-_-jdgvvyfZ/view,https://drive.google.com/uc?export=download&id=1L1tiM_XkyJk_E3yzFFA5t-_-jdgvvyfZ,1L1tiM_XkyJk_E3yzFFA5t-_-jdgvvyfZ
343,BISE_Peshawar/9th_Class/Annual/BISE_Peshawar_9th_Class_Annual_2025.pdf,BISE_Peshawar_9th_Class_Annual_2025.pdf,19202.9,https://drive.google.com/file/d/1hx0SgXFbash5_xXPVZ0UnGGNTAij8e8D/view,https://drive.google.com/uc?export=download&id=1hx0SgXFbash5_xXPVZ0UnGGNTAij8e8D,1hx0SgXFbash5_xXPVZ0UnGGNTAij8e8D
344,BISE_Peshawar/9th_Class/Annual/BISE_Peshawar_9th_Class_Annual_2026.pdf,BISE_Peshawar_9th_Class_Annual_2026.pdf,21242.0,https://drive.google.com/file/d/11gyb0c6q4iUenv88ZHamF0G7xfibeD63/view,https://drive.google.com/uc?export=download&id=11gyb0c6q4iUenv88ZHamF0G7xfibeD63,11gyb0c6q4iUenv88ZHamF0G7xfibeD63
345,BISE_Quetta/10th_Class/Annual/BISE_Quetta_10th_Class_Annual_2025.pdf,BISE_Quetta_10th_Class_Annual_2025.pdf,17245.0,https://drive.google.com/file/d/1_Mv3jv6BocpqDcN9D45Qd5d9OEjwur8S/view,https://drive.google.com/uc?export=download&id=1_Mv3jv6BocpqDcN9D45Qd5d9OEjwur8S,1_Mv3jv6BocpqDcN9D45Qd5d9OEjwur8S
346,BISE_Quetta/10th_Class/Annual/BISE_Quetta_10th_Class_Annual_2026.pdf,BISE_Quetta_10th_Class_Annual_2026.pdf,2306.9,https://drive.google.com/file/d/1x6gpOss4SMNzgkIkAAaFZCGjMZNTaRaE/view,https://drive.google.com/uc?export=download&id=1x6gpOss4SMNzgkIkAAaFZCGjMZNTaRaE,1x6gpOss4SMNzgkIkAAaFZCGjMZNTaRaE
347,BISE_Quetta/9th_Class/Annual/BISE_Quetta_9th_Class_Annual_2025.pdf,BISE_Quetta_9th_Class_Annual_2025.pdf,14636.9,https://drive.google.com/file/d/14-Pb4z21yqy_jRFSHT-xDUjq3dcrRffQ/view,https://drive.google.com/uc?export=download&id=14-Pb4z21yqy_jRFSHT-xDUjq3dcrRffQ,14-Pb4z21yqy_jRFSHT-xDUjq3dcrRffQ
348,BISE_Quetta/9th_Class/Annual/BISE_Quetta_9th_Class_Annual_2026.pdf,BISE_Quetta_9th_Class_Annual_2026.pdf,2306.9,https://drive.google.com/file/d/1G__hoeUEqbqmxwwTH0rH64omnjDY4la5/view,https://drive.google.com/uc?export=download&id=1G__hoeUEqbqmxwwTH0rH64omnjDY4la5,1G__hoeUEqbqmxwwTH0rH64omnjDY4la5
349,BISE_Rawalpindi/10th_Class/2nd_Annual_Supply/BISE_Rawalpindi_10th_Class_2nd_Annual_Supply_2022.pdf,BISE_Rawalpindi_10th_Class_2nd_Annual_Supply_2022.pdf,9352.5,https://drive.google.com/file/d/1U2dv41RPbMgukpgC15VH4MjaQJ6GyJ1a/view,https://drive.google.com/uc?export=download&id=1U2dv41RPbMgukpgC15VH4MjaQJ6GyJ1a,1U2dv41RPbMgukpgC15VH4MjaQJ6GyJ1a
350,BISE_Rawalpindi/10th_Class/2nd_Annual_Supply/BISE_Rawalpindi_10th_Class_2nd_Annual_Supply_2023.pdf,BISE_Rawalpindi_10th_Class_2nd_Annual_Supply_2023.pdf,2267.2,https://drive.google.com/file/d/158XXChPgxccphC-LJ-tk71uaPCry4pEE/view,https://drive.google.com/uc?export=download&id=158XXChPgxccphC-LJ-tk71uaPCry4pEE,158XXChPgxccphC-LJ-tk71uaPCry4pEE
351,BISE_Rawalpindi/10th_Class/2nd_Annual_Supply/BISE_Rawalpindi_10th_Class_2nd_Annual_Supply_2024.pdf,BISE_Rawalpindi_10th_Class_2nd_Annual_Supply_2024.pdf,8638.4,https://drive.google.com/file/d/1qpawZbwOVCbCwVYpwnrP9rZZrurmufSx/view,https://drive.google.com/uc?export=download&id=1qpawZbwOVCbCwVYpwnrP9rZZrurmufSx,1qpawZbwOVCbCwVYpwnrP9rZZrurmufSx
352,BISE_Rawalpindi/10th_Class/2nd_Annual_Supply/BISE_Rawalpindi_10th_Class_2nd_Annual_Supply_2025.pdf,BISE_Rawalpindi_10th_Class_2nd_Annual_Supply_2025.pdf,11163.0,https://drive.google.com/file/d/1TMXAfXvrNC1wCHCCgHGxr-80ZmoE7QNn/view,https://drive.google.com/uc?export=download&id=1TMXAfXvrNC1wCHCCgHGxr-80ZmoE7QNn,1TMXAfXvrNC1wCHCCgHGxr-80ZmoE7QNn
353,BISE_Rawalpindi/10th_Class/Annual/BISE_Rawalpindi_10th_Class_Annual_2018.pdf,BISE_Rawalpindi_10th_Class_Annual_2018.pdf,10192.9,https://drive.google.com/file/d/1okMBBAcDZfIYDzSHZTOjq6V2ASsZFzsG/view,https://drive.google.com/uc?export=download&id=1okMBBAcDZfIYDzSHZTOjq6V2ASsZFzsG,1okMBBAcDZfIYDzSHZTOjq6V2ASsZFzsG
354,BISE_Rawalpindi/10th_Class/Annual/BISE_Rawalpindi_10th_Class_Annual_2019.pdf,BISE_Rawalpindi_10th_Class_Annual_2019.pdf,846.0,https://drive.google.com/file/d/1AGS-7xKb0aWDNzBMD4-wk0qTbEgm-hJI/view,https://drive.google.com/uc?export=download&id=1AGS-7xKb0aWDNzBMD4-wk0qTbEgm-hJI,1AGS-7xKb0aWDNzBMD4-wk0qTbEgm-hJI
355,BISE_Rawalpindi/10th_Class/Annual/BISE_Rawalpindi_10th_Class_Annual_2021.pdf,BISE_Rawalpindi_10th_Class_Annual_2021.pdf,11012.0,https://drive.google.com/file/d/1Rh83mbqBrC4tR3rjQGPXZH6cSj-cpV5L/view,https://drive.google.com/uc?export=download&id=1Rh83mbqBrC4tR3rjQGPXZH6cSj-cpV5L,1Rh83mbqBrC4tR3rjQGPXZH6cSj-cpV5L
356,BISE_Rawalpindi/10th_Class/Annual/BISE_Rawalpindi_10th_Class_Annual_2022.pdf,BISE_Rawalpindi_10th_Class_Annual_2022.pdf,10496.1,https://drive.google.com/file/d/13-VYBTddg4RX7WyF02_BQXVY9JaglF1D/view,https://drive.google.com/uc?export=download&id=13-VYBTddg4RX7WyF02_BQXVY9JaglF1D,13-VYBTddg4RX7WyF02_BQXVY9JaglF1D
357,BISE_Rawalpindi/10th_Class/Annual/BISE_Rawalpindi_10th_Class_Annual_2023.pdf,BISE_Rawalpindi_10th_Class_Annual_2023.pdf,10609.0,https://drive.google.com/file/d/17fQZGIVyNgBrz6srbhUfG_63EZN2PcZV/view,https://drive.google.com/uc?export=download&id=17fQZGIVyNgBrz6srbhUfG_63EZN2PcZV,17fQZGIVyNgBrz6srbhUfG_63EZN2PcZV
358,BISE_Rawalpindi/10th_Class/Annual/BISE_Rawalpindi_10th_Class_Annual_2024.pdf,BISE_Rawalpindi_10th_Class_Annual_2024.pdf,13440.0,https://drive.google.com/file/d/1bepViwc23i23vM-MhPmNA2HfBwzyi0NM/view,https://drive.google.com/uc?export=download&id=1bepViwc23i23vM-MhPmNA2HfBwzyi0NM,1bepViwc23i23vM-MhPmNA2HfBwzyi0NM
359,BISE_Rawalpindi/10th_Class/Annual/BISE_Rawalpindi_10th_Class_Annual_2025.pdf,BISE_Rawalpindi_10th_Class_Annual_2025.pdf,11228.1,https://drive.google.com/file/d/1YA5elAAPv9f5uI-0VPoKk8pncww3N8ke/view,https://drive.google.com/uc?export=download&id=1YA5elAAPv9f5uI-0VPoKk8pncww3N8ke,1YA5elAAPv9f5uI-0VPoKk8pncww3N8ke
360,BISE_Rawalpindi/10th_Class/Annual/BISE_Rawalpindi_10th_Class_Annual_2026.pdf,BISE_Rawalpindi_10th_Class_Annual_2026.pdf,11630.1,https://drive.google.com/file/d/1jYzposuOsHB4g2Z4KOXwFex_AaWOnLZJ/view,https://drive.google.com/uc?export=download&id=1jYzposuOsHB4g2Z4KOXwFex_AaWOnLZJ,1jYzposuOsHB4g2Z4KOXwFex_AaWOnLZJ
361,BISE_Rawalpindi/11th_Class/Annual/BISE_Rawalpindi_11th_Class_Annual_2019.pdf,BISE_Rawalpindi_11th_Class_Annual_2019.pdf,3782.9,https://drive.google.com/file/d/16jqoRhgeSXKcp28Ex7nZtI2sU4YO30Ej/view,https://drive.google.com/uc?export=download&id=16jqoRhgeSXKcp28Ex7nZtI2sU4YO30Ej,16jqoRhgeSXKcp28Ex7nZtI2sU4YO30Ej
362,BISE_Rawalpindi/11th_Class/Annual/BISE_Rawalpindi_11th_Class_Annual_2021.pdf,BISE_Rawalpindi_11th_Class_Annual_2021.pdf,5071.3,https://drive.google.com/file/d/1um7jP2mFmH-HN07nyUks_KRReQ8sDPWv/view,https://drive.google.com/uc?export=download&id=1um7jP2mFmH-HN07nyUks_KRReQ8sDPWv,1um7jP2mFmH-HN07nyUks_KRReQ8sDPWv
363,BISE_Rawalpindi/11th_Class/Annual/BISE_Rawalpindi_11th_Class_Annual_2022.pdf,BISE_Rawalpindi_11th_Class_Annual_2022.pdf,35280.2,https://drive.google.com/file/d/1UL3ZCk7x7AxhXA8H5e2EYWrxm9KV3F_v/view,https://drive.google.com/uc?export=download&id=1UL3ZCk7x7AxhXA8H5e2EYWrxm9KV3F_v,1UL3ZCk7x7AxhXA8H5e2EYWrxm9KV3F_v
364,BISE_Rawalpindi/11th_Class/Annual/BISE_Rawalpindi_11th_Class_Annual_2023.pdf,BISE_Rawalpindi_11th_Class_Annual_2023.pdf,28379.0,https://drive.google.com/file/d/1JUoGraYye86U0lTZt-MixtRJZ67HVsai/view,https://drive.google.com/uc?export=download&id=1JUoGraYye86U0lTZt-MixtRJZ67HVsai,1JUoGraYye86U0lTZt-MixtRJZ67HVsai
365,BISE_Rawalpindi/11th_Class/Annual/BISE_Rawalpindi_11th_Class_Annual_2024.pdf,BISE_Rawalpindi_11th_Class_Annual_2024.pdf,26609.2,https://drive.google.com/file/d/1laFxYvfU2zwQjUo70wc4xQQUPouxeYaz/view,https://drive.google.com/uc?export=download&id=1laFxYvfU2zwQjUo70wc4xQQUPouxeYaz,1laFxYvfU2zwQjUo70wc4xQQUPouxeYaz
366,BISE_Rawalpindi/11th_Class/Annual/BISE_Rawalpindi_11th_Class_Annual_2025.pdf,BISE_Rawalpindi_11th_Class_Annual_2025.pdf,27789.2,https://drive.google.com/file/d/1Rb-7mV_0gxNgIOmlRICovEYD4x010yfT/view,https://drive.google.com/uc?export=download&id=1Rb-7mV_0gxNgIOmlRICovEYD4x010yfT,1Rb-7mV_0gxNgIOmlRICovEYD4x010yfT
367,BISE_Rawalpindi/12th_Class/2nd_Annual_Supply/BISE_Rawalpindi_12th_Class_2nd_Annual_Supply_2022.pdf,BISE_Rawalpindi_12th_Class_2nd_Annual_Supply_2022.pdf,3128.6,https://drive.google.com/file/d/1LJUd8VPFtt-_XMzoI_jKvdQ-xkX1AkAa/view,https://drive.google.com/uc?export=download&id=1LJUd8VPFtt-_XMzoI_jKvdQ-xkX1AkAa,1LJUd8VPFtt-_XMzoI_jKvdQ-xkX1AkAa
368,BISE_Rawalpindi/12th_Class/2nd_Annual_Supply/BISE_Rawalpindi_12th_Class_2nd_Annual_Supply_2023.pdf,BISE_Rawalpindi_12th_Class_2nd_Annual_Supply_2023.pdf,8714.7,https://drive.google.com/file/d/1O7cQveQHc6V9P9p1PfNYrtpYuAvSSPt0/view,https://drive.google.com/uc?export=download&id=1O7cQveQHc6V9P9p1PfNYrtpYuAvSSPt0,1O7cQveQHc6V9P9p1PfNYrtpYuAvSSPt0
369,BISE_Rawalpindi/12th_Class/2nd_Annual_Supply/BISE_Rawalpindi_12th_Class_2nd_Annual_Supply_2024.pdf,BISE_Rawalpindi_12th_Class_2nd_Annual_Supply_2024.pdf,10414.7,https://drive.google.com/file/d/1f6HRfzG1Q7L5GjXZH-R6axQUMUUgUIZM/view,https://drive.google.com/uc?export=download&id=1f6HRfzG1Q7L5GjXZH-R6axQUMUUgUIZM,1f6HRfzG1Q7L5GjXZH-R6axQUMUUgUIZM
370,BISE_Rawalpindi/12th_Class/2nd_Annual_Supply/BISE_Rawalpindi_12th_Class_2nd_Annual_Supply_2025.pdf,BISE_Rawalpindi_12th_Class_2nd_Annual_Supply_2025.pdf,9555.4,https://drive.google.com/file/d/1PyB8ZLixDW0nIuz2j1-eUiAn2VeXwk_B/view,https://drive.google.com/uc?export=download&id=1PyB8ZLixDW0nIuz2j1-eUiAn2VeXwk_B,1PyB8ZLixDW0nIuz2j1-eUiAn2VeXwk_B
371,BISE_Rawalpindi/12th_Class/Annual/BISE_Rawalpindi_12th_Class_Annual_2021.pdf,BISE_Rawalpindi_12th_Class_Annual_2021.pdf,6478.6,https://drive.google.com/file/d/1khuL33TuU6VwrZkZWBOU3Fv3U57qGrZN/view,https://drive.google.com/uc?export=download&id=1khuL33TuU6VwrZkZWBOU3Fv3U57qGrZN,1khuL33TuU6VwrZkZWBOU3Fv3U57qGrZN
372,BISE_Rawalpindi/12th_Class/Annual/BISE_Rawalpindi_12th_Class_Annual_2022.pdf,BISE_Rawalpindi_12th_Class_Annual_2022.pdf,27456.5,https://drive.google.com/file/d/1H19_KV4ePR9DMqNseGWZVE19FOoBe31b/view,https://drive.google.com/uc?export=download&id=1H19_KV4ePR9DMqNseGWZVE19FOoBe31b,1H19_KV4ePR9DMqNseGWZVE19FOoBe31b
373,BISE_Rawalpindi/12th_Class/Annual/BISE_Rawalpindi_12th_Class_Annual_2023.pdf,BISE_Rawalpindi_12th_Class_Annual_2023.pdf,27149.3,https://drive.google.com/file/d/1Lfmw4r-SLweo7djLAsOgvjuvfDlcwzkc/view,https://drive.google.com/uc?export=download&id=1Lfmw4r-SLweo7djLAsOgvjuvfDlcwzkc,1Lfmw4r-SLweo7djLAsOgvjuvfDlcwzkc
374,BISE_Rawalpindi/12th_Class/Annual/BISE_Rawalpindi_12th_Class_Annual_2024.pdf,BISE_Rawalpindi_12th_Class_Annual_2024.pdf,11776.8,https://drive.google.com/file/d/1gqg8TNmu9BBCfLdZoJhE0syar-rqW5Y2/view,https://drive.google.com/uc?export=download&id=1gqg8TNmu9BBCfLdZoJhE0syar-rqW5Y2,1gqg8TNmu9BBCfLdZoJhE0syar-rqW5Y2
375,BISE_Rawalpindi/12th_Class/Annual/BISE_Rawalpindi_12th_Class_Annual_2025.pdf,BISE_Rawalpindi_12th_Class_Annual_2025.pdf,28726.3,https://drive.google.com/file/d/1944rtQDkk0DDTpW3LdCsJRVov3zHQn8H/view,https://drive.google.com/uc?export=download&id=1944rtQDkk0DDTpW3LdCsJRVov3zHQn8H,1944rtQDkk0DDTpW3LdCsJRVov3zHQn8H
376,BISE_Rawalpindi/9th_Class/Annual/BISE_Rawalpindi_9th_Class_Annual_2021.pdf,BISE_Rawalpindi_9th_Class_Annual_2021.pdf,12420.6,https://drive.google.com/file/d/1cMx63uPX2z8wFkXU-0paAuk5gazB8J43/view,https://drive.google.com/uc?export=download&id=1cMx63uPX2z8wFkXU-0paAuk5gazB8J43,1cMx63uPX2z8wFkXU-0paAuk5gazB8J43
377,BISE_Rawalpindi/9th_Class/Annual/BISE_Rawalpindi_9th_Class_Annual_2022.pdf,BISE_Rawalpindi_9th_Class_Annual_2022.pdf,10537.1,https://drive.google.com/file/d/1QQLGTq6eFkob5ZCBziQtUInnFcz8QM1N/view,https://drive.google.com/uc?export=download&id=1QQLGTq6eFkob5ZCBziQtUInnFcz8QM1N,1QQLGTq6eFkob5ZCBziQtUInnFcz8QM1N
378,BISE_Rawalpindi/9th_Class/Annual/BISE_Rawalpindi_9th_Class_Annual_2023.pdf,BISE_Rawalpindi_9th_Class_Annual_2023.pdf,9398.7,https://drive.google.com/file/d/1d2o48Yv9PB9JxPgyjKKfkpd9H-elskAN/view,https://drive.google.com/uc?export=download&id=1d2o48Yv9PB9JxPgyjKKfkpd9H-elskAN,1d2o48Yv9PB9JxPgyjKKfkpd9H-elskAN
379,BISE_Rawalpindi/9th_Class/Annual/BISE_Rawalpindi_9th_Class_Annual_2024.pdf,BISE_Rawalpindi_9th_Class_Annual_2024.pdf,9306.7,https://drive.google.com/file/d/1CL2y0kxlPG9mnoiwuLFgK0fC661W56nl/view,https://drive.google.com/uc?export=download&id=1CL2y0kxlPG9mnoiwuLFgK0fC661W56nl,1CL2y0kxlPG9mnoiwuLFgK0fC661W56nl
380,BISE_Rawalpindi/9th_Class/Annual/BISE_Rawalpindi_9th_Class_Annual_2025.pdf,BISE_Rawalpindi_9th_Class_Annual_2025.pdf,8410.3,https://drive.google.com/file/d/1GVC0ugUtRdZxEF2BCTYdY-b8V7D3KMmR/view,https://drive.google.com/uc?export=download&id=1GVC0ugUtRdZxEF2BCTYdY-b8V7D3KMmR,1GVC0ugUtRdZxEF2BCTYdY-b8V7D3KMmR
381,BISE_Rawalpindi/9th_Class/Annual/BISE_Rawalpindi_9th_Class_Annual_2026.pdf,BISE_Rawalpindi_9th_Class_Annual_2026.pdf,15850.9,https://drive.google.com/file/d/1HtQCDwIZv4Elr4GygKJKSsqWfTwE5pEb/view,https://drive.google.com/uc?export=download&id=1HtQCDwIZv4Elr4GygKJKSsqWfTwE5pEb,1HtQCDwIZv4Elr4GygKJKSsqWfTwE5pEb
382,BISE_Sahiwal/10th_Class/2nd_Annual_Supply/BISE_Sahiwal_10th_Class_2nd_Annual_Supply_2022.pdf,BISE_Sahiwal_10th_Class_2nd_Annual_Supply_2022.pdf,919.7,https://drive.google.com/file/d/1qPdamawOFsmc9UDXCAIntEA7JbUYnnQE/view,https://drive.google.com/uc?export=download&id=1qPdamawOFsmc9UDXCAIntEA7JbUYnnQE,1qPdamawOFsmc9UDXCAIntEA7JbUYnnQE
383,BISE_Sahiwal/10th_Class/2nd_Annual_Supply/BISE_Sahiwal_10th_Class_2nd_Annual_Supply_2025.pdf,BISE_Sahiwal_10th_Class_2nd_Annual_Supply_2025.pdf,1859.5,https://drive.google.com/file/d/1URsuBXY-Q9UvnwS5GG-0Bby1QrphXE7k/view,https://drive.google.com/uc?export=download&id=1URsuBXY-Q9UvnwS5GG-0Bby1QrphXE7k,1URsuBXY-Q9UvnwS5GG-0Bby1QrphXE7k
384,BISE_Sahiwal/10th_Class/Annual/BISE_Sahiwal_10th_Class_Annual_2021.pdf,BISE_Sahiwal_10th_Class_Annual_2021.pdf,7248.9,https://drive.google.com/file/d/1w4P2qT3Yta8G4GwZ7v54YT8tt5IArsob/view,https://drive.google.com/uc?export=download&id=1w4P2qT3Yta8G4GwZ7v54YT8tt5IArsob,1w4P2qT3Yta8G4GwZ7v54YT8tt5IArsob
385,BISE_Sahiwal/10th_Class/Annual/BISE_Sahiwal_10th_Class_Annual_2023.pdf,BISE_Sahiwal_10th_Class_Annual_2023.pdf,5650.2,https://drive.google.com/file/d/1tWaoVhCLX29AeYapcTlGAK-JlAxoziYI/view,https://drive.google.com/uc?export=download&id=1tWaoVhCLX29AeYapcTlGAK-JlAxoziYI,1tWaoVhCLX29AeYapcTlGAK-JlAxoziYI
386,BISE_Sahiwal/10th_Class/Annual/BISE_Sahiwal_10th_Class_Annual_2024.pdf,BISE_Sahiwal_10th_Class_Annual_2024.pdf,11007.2,https://drive.google.com/file/d/1itH8gJGQphGKVfHSui3ed_ZdrMOGrN2u/view,https://drive.google.com/uc?export=download&id=1itH8gJGQphGKVfHSui3ed_ZdrMOGrN2u,1itH8gJGQphGKVfHSui3ed_ZdrMOGrN2u
387,BISE_Sahiwal/10th_Class/Annual/BISE_Sahiwal_10th_Class_Annual_2025.pdf,BISE_Sahiwal_10th_Class_Annual_2025.pdf,15313.0,https://drive.google.com/file/d/1OTLAHVnCNCaxwo_Oxiw5oO3bpT75dU_X/view,https://drive.google.com/uc?export=download&id=1OTLAHVnCNCaxwo_Oxiw5oO3bpT75dU_X,1OTLAHVnCNCaxwo_Oxiw5oO3bpT75dU_X
388,BISE_Sahiwal/10th_Class/Annual/BISE_Sahiwal_10th_Class_Annual_2026.pdf,BISE_Sahiwal_10th_Class_Annual_2026.pdf,14005.9,https://drive.google.com/file/d/1y5Z3D4rP_RVIqNnuI0f2xql5iaAv8Hka/view,https://drive.google.com/uc?export=download&id=1y5Z3D4rP_RVIqNnuI0f2xql5iaAv8Hka,1y5Z3D4rP_RVIqNnuI0f2xql5iaAv8Hka
389,BISE_Sahiwal/11th_Class/Annual/BISE_Sahiwal_11th_Class_Annual_2021.pdf,BISE_Sahiwal_11th_Class_Annual_2021.pdf,2166.2,https://drive.google.com/file/d/1M6aKSyWaDb4-8wYK466NDEhY0KMpVR5s/view,https://drive.google.com/uc?export=download&id=1M6aKSyWaDb4-8wYK466NDEhY0KMpVR5s,1M6aKSyWaDb4-8wYK466NDEhY0KMpVR5s
390,BISE_Sahiwal/11th_Class/Annual/BISE_Sahiwal_11th_Class_Annual_2022.pdf,BISE_Sahiwal_11th_Class_Annual_2022.pdf,3920.4,https://drive.google.com/file/d/1a0RLnpxW96QNO6zfwRN5saERpVS7l_I0/view,https://drive.google.com/uc?export=download&id=1a0RLnpxW96QNO6zfwRN5saERpVS7l_I0,1a0RLnpxW96QNO6zfwRN5saERpVS7l_I0
391,BISE_Sahiwal/11th_Class/Annual/BISE_Sahiwal_11th_Class_Annual_2023.pdf,BISE_Sahiwal_11th_Class_Annual_2023.pdf,2644.7,https://drive.google.com/file/d/1ZsOSJfkHPJ7V7EqZZOCydA8s13jBKlF1/view,https://drive.google.com/uc?export=download&id=1ZsOSJfkHPJ7V7EqZZOCydA8s13jBKlF1,1ZsOSJfkHPJ7V7EqZZOCydA8s13jBKlF1
392,BISE_Sahiwal/11th_Class/Annual/BISE_Sahiwal_11th_Class_Annual_2024.pdf,BISE_Sahiwal_11th_Class_Annual_2024.pdf,8379.0,https://drive.google.com/file/d/12NXvLMDW3KZRxqF5OQUHlJd1gf9_TFHF/view,https://drive.google.com/uc?export=download&id=12NXvLMDW3KZRxqF5OQUHlJd1gf9_TFHF,12NXvLMDW3KZRxqF5OQUHlJd1gf9_TFHF
393,BISE_Sahiwal/11th_Class/Annual/BISE_Sahiwal_11th_Class_Annual_2025.pdf,BISE_Sahiwal_11th_Class_Annual_2025.pdf,4598.5,https://drive.google.com/file/d/1JJRBtjTZGKQEKqMgjZXo40WS6Ikq73mf/view,https://drive.google.com/uc?export=download&id=1JJRBtjTZGKQEKqMgjZXo40WS6Ikq73mf,1JJRBtjTZGKQEKqMgjZXo40WS6Ikq73mf
394,BISE_Sahiwal/12th_Class/2nd_Annual_Supply/BISE_Sahiwal_12th_Class_2nd_Annual_Supply_2022.pdf,BISE_Sahiwal_12th_Class_2nd_Annual_Supply_2022.pdf,393.8,https://drive.google.com/file/d/1AUurJNsr2kWBZ0iz9nvrjOkVXmVwd2yN/view,https://drive.google.com/uc?export=download&id=1AUurJNsr2kWBZ0iz9nvrjOkVXmVwd2yN,1AUurJNsr2kWBZ0iz9nvrjOkVXmVwd2yN
395,BISE_Sahiwal/12th_Class/2nd_Annual_Supply/BISE_Sahiwal_12th_Class_2nd_Annual_Supply_2023.pdf,BISE_Sahiwal_12th_Class_2nd_Annual_Supply_2023.pdf,763.3,https://drive.google.com/file/d/1PbqLOXyIN2VrneqtwyUGNg_42OQbDGG7/view,https://drive.google.com/uc?export=download&id=1PbqLOXyIN2VrneqtwyUGNg_42OQbDGG7,1PbqLOXyIN2VrneqtwyUGNg_42OQbDGG7
396,BISE_Sahiwal/12th_Class/2nd_Annual_Supply/BISE_Sahiwal_12th_Class_2nd_Annual_Supply_2024.pdf,BISE_Sahiwal_12th_Class_2nd_Annual_Supply_2024.pdf,4086.6,https://drive.google.com/file/d/1bAaWAcD0GvKz5abcJ7bTKYcc_L2NHuy0/view,https://drive.google.com/uc?export=download&id=1bAaWAcD0GvKz5abcJ7bTKYcc_L2NHuy0,1bAaWAcD0GvKz5abcJ7bTKYcc_L2NHuy0
397,BISE_Sahiwal/12th_Class/Annual/BISE_Sahiwal_12th_Class_Annual_2021.pdf,BISE_Sahiwal_12th_Class_Annual_2021.pdf,2220.0,https://drive.google.com/file/d/1FFywL8AHjzl_R_62-NDDqlhEiCuzCMga/view,https://drive.google.com/uc?export=download&id=1FFywL8AHjzl_R_62-NDDqlhEiCuzCMga,1FFywL8AHjzl_R_62-NDDqlhEiCuzCMga
398,BISE_Sahiwal/12th_Class/Annual/BISE_Sahiwal_12th_Class_Annual_2022.pdf,BISE_Sahiwal_12th_Class_Annual_2022.pdf,2134.7,https://drive.google.com/file/d/1gieRalXAGwWAvWMbiRKSC41tadZk8ECO/view,https://drive.google.com/uc?export=download&id=1gieRalXAGwWAvWMbiRKSC41tadZk8ECO,1gieRalXAGwWAvWMbiRKSC41tadZk8ECO
399,BISE_Sahiwal/12th_Class/Annual/BISE_Sahiwal_12th_Class_Annual_2023.pdf,BISE_Sahiwal_12th_Class_Annual_2023.pdf,3453.4,https://drive.google.com/file/d/119gz3OHs8IzE00besXscNl-cPhQcinUv/view,https://drive.google.com/uc?export=download&id=119gz3OHs8IzE00besXscNl-cPhQcinUv,119gz3OHs8IzE00besXscNl-cPhQcinUv
400,BISE_Sahiwal/12th_Class/Annual/BISE_Sahiwal_12th_Class_Annual_2024.pdf,BISE_Sahiwal_12th_Class_Annual_2024.pdf,9296.1,https://drive.google.com/file/d/18lYhT_R5B7Zx-nGyaXdqo_tDFISx_O3k/view,https://drive.google.com/uc?export=download&id=18lYhT_R5B7Zx-nGyaXdqo_tDFISx_O3k,18lYhT_R5B7Zx-nGyaXdqo_tDFISx_O3k
401,BISE_Sahiwal/12th_Class/Annual/BISE_Sahiwal_12th_Class_Annual_2025.pdf,BISE_Sahiwal_12th_Class_Annual_2025.pdf,4706.4,https://drive.google.com/file/d/1L9qvPcrvVAB2DInutrU1ICK1nnqCcTlS/view,https://drive.google.com/uc?export=download&id=1L9qvPcrvVAB2DInutrU1ICK1nnqCcTlS,1L9qvPcrvVAB2DInutrU1ICK1nnqCcTlS
402,BISE_Sahiwal/9th_Class/Annual/BISE_Sahiwal_9th_Class_Annual_2021.pdf,BISE_Sahiwal_9th_Class_Annual_2021.pdf,4866.6,https://drive.google.com/file/d/1ZsBsYk7qIUkqYEMFZVAV0LBoHQY_Bsmo/view,https://drive.google.com/uc?export=download&id=1ZsBsYk7qIUkqYEMFZVAV0LBoHQY_Bsmo,1ZsBsYk7qIUkqYEMFZVAV0LBoHQY_Bsmo
403,BISE_Sahiwal/9th_Class/Annual/BISE_Sahiwal_9th_Class_Annual_2022.pdf,BISE_Sahiwal_9th_Class_Annual_2022.pdf,6375.9,https://drive.google.com/file/d/18TUYfGKL1jIk8Mm9G4-gS4xpvGKpDfXo/view,https://drive.google.com/uc?export=download&id=18TUYfGKL1jIk8Mm9G4-gS4xpvGKpDfXo,18TUYfGKL1jIk8Mm9G4-gS4xpvGKpDfXo
404,BISE_Sahiwal/9th_Class/Annual/BISE_Sahiwal_9th_Class_Annual_2023.pdf,BISE_Sahiwal_9th_Class_Annual_2023.pdf,5152.0,https://drive.google.com/file/d/1AdWz0MzzdEiX6-KaAAXtXOeNdN-we-1F/view,https://drive.google.com/uc?export=download&id=1AdWz0MzzdEiX6-KaAAXtXOeNdN-we-1F,1AdWz0MzzdEiX6-KaAAXtXOeNdN-we-1F
405,BISE_Sahiwal/9th_Class/Annual/BISE_Sahiwal_9th_Class_Annual_2024.pdf,BISE_Sahiwal_9th_Class_Annual_2024.pdf,6389.1,https://drive.google.com/file/d/1RIwJwDToECBcO61pJnFE39Mzb6LsL8hc/view,https://drive.google.com/uc?export=download&id=1RIwJwDToECBcO61pJnFE39Mzb6LsL8hc,1RIwJwDToECBcO61pJnFE39Mzb6LsL8hc
406,BISE_Sahiwal/9th_Class/Annual/BISE_Sahiwal_9th_Class_Annual_2025.pdf,BISE_Sahiwal_9th_Class_Annual_2025.pdf,9024.6,https://drive.google.com/file/d/14NWuXZo8zLp_gRNaLpjVid0pMNbiGDOC/view,https://drive.google.com/uc?export=download&id=14NWuXZo8zLp_gRNaLpjVid0pMNbiGDOC,14NWuXZo8zLp_gRNaLpjVid0pMNbiGDOC
407,BISE_Sahiwal/9th_Class/Annual/BISE_Sahiwal_9th_Class_Annual_2026.pdf,BISE_Sahiwal_9th_Class_Annual_2026.pdf,14092.3,https://drive.google.com/file/d/1NzutlsXeSp-X5b-F-s7jGfglIatD3vRk/view,https://drive.google.com/uc?export=download&id=1NzutlsXeSp-X5b-F-s7jGfglIatD3vRk,1NzutlsXeSp-X5b-F-s7jGfglIatD3vRk
408,BISE_Sargodha/10th_Class/2nd_Annual_Supply/BISE_Sargodha_10th_Class_2nd_Annual_Supply_2022.pdf,BISE_Sargodha_10th_Class_2nd_Annual_Supply_2022.pdf,2053.3,https://drive.google.com/file/d/13_H8AijrBvDyQrgho-XtrEyg1-yx8DW-/view,https://drive.google.com/uc?export=download&id=13_H8AijrBvDyQrgho-XtrEyg1-yx8DW-,13_H8AijrBvDyQrgho-XtrEyg1-yx8DW-
409,BISE_Sargodha/10th_Class/2nd_Annual_Supply/BISE_Sargodha_10th_Class_2nd_Annual_Supply_2025.pdf,BISE_Sargodha_10th_Class_2nd_Annual_Supply_2025.pdf,2102.9,https://drive.google.com/file/d/17XF3tBi9v3avAD7uHgUgs6LNMHIQL-42/view,https://drive.google.com/uc?export=download&id=17XF3tBi9v3avAD7uHgUgs6LNMHIQL-42,17XF3tBi9v3avAD7uHgUgs6LNMHIQL-42
410,BISE_Sargodha/10th_Class/Annual/BISE_Sargodha_10th_Class_Annual_2021.pdf,BISE_Sargodha_10th_Class_Annual_2021.pdf,8724.5,https://drive.google.com/file/d/1X20XEuXmZlcSdO4jAu08KpoP3OzHHHQN/view,https://drive.google.com/uc?export=download&id=1X20XEuXmZlcSdO4jAu08KpoP3OzHHHQN,1X20XEuXmZlcSdO4jAu08KpoP3OzHHHQN
411,BISE_Sargodha/10th_Class/Annual/BISE_Sargodha_10th_Class_Annual_2022.pdf,BISE_Sargodha_10th_Class_Annual_2022.pdf,6968.8,https://drive.google.com/file/d/1GslwIomtEm3R3xyy157D2IpNF1xtQa_n/view,https://drive.google.com/uc?export=download&id=1GslwIomtEm3R3xyy157D2IpNF1xtQa_n,1GslwIomtEm3R3xyy157D2IpNF1xtQa_n
412,BISE_Sargodha/10th_Class/Annual/BISE_Sargodha_10th_Class_Annual_2023.pdf,BISE_Sargodha_10th_Class_Annual_2023.pdf,7233.9,https://drive.google.com/file/d/12y6-gYP3RYFaWp6evFT1aB03Yd7GKx4X/view,https://drive.google.com/uc?export=download&id=12y6-gYP3RYFaWp6evFT1aB03Yd7GKx4X,12y6-gYP3RYFaWp6evFT1aB03Yd7GKx4X
413,BISE_Sargodha/10th_Class/Annual/BISE_Sargodha_10th_Class_Annual_2024.pdf,BISE_Sargodha_10th_Class_Annual_2024.pdf,7493.3,https://drive.google.com/file/d/1k_4G75Q-I0e1rvz7pC8TfQ5CY9ih-hv6/view,https://drive.google.com/uc?export=download&id=1k_4G75Q-I0e1rvz7pC8TfQ5CY9ih-hv6,1k_4G75Q-I0e1rvz7pC8TfQ5CY9ih-hv6
414,BISE_Sargodha/10th_Class/Annual/BISE_Sargodha_10th_Class_Annual_2025.pdf,BISE_Sargodha_10th_Class_Annual_2025.pdf,5192.7,https://drive.google.com/file/d/1iunNbOnCFRTTZyevU73YGRIRiUdFhBFE/view,https://drive.google.com/uc?export=download&id=1iunNbOnCFRTTZyevU73YGRIRiUdFhBFE,1iunNbOnCFRTTZyevU73YGRIRiUdFhBFE
415,BISE_Sargodha/10th_Class/Annual/BISE_Sargodha_10th_Class_Annual_2026.pdf,BISE_Sargodha_10th_Class_Annual_2026.pdf,10211.6,https://drive.google.com/file/d/1wbE6pa4c7AuUD7Rv8kQ0eJuxgKEpG298/view,https://drive.google.com/uc?export=download&id=1wbE6pa4c7AuUD7Rv8kQ0eJuxgKEpG298,1wbE6pa4c7AuUD7Rv8kQ0eJuxgKEpG298
416,BISE_Sargodha/11th_Class/Annual/BISE_Sargodha_11th_Class_Annual_2021.pdf,BISE_Sargodha_11th_Class_Annual_2021.pdf,5367.1,https://drive.google.com/file/d/1cy83tkoLFveSNEVSQvfFIo-vb2stdy5x/view,https://drive.google.com/uc?export=download&id=1cy83tkoLFveSNEVSQvfFIo-vb2stdy5x,1cy83tkoLFveSNEVSQvfFIo-vb2stdy5x
417,BISE_Sargodha/11th_Class/Annual/BISE_Sargodha_11th_Class_Annual_2022.pdf,BISE_Sargodha_11th_Class_Annual_2022.pdf,5533.2,https://drive.google.com/file/d/178BKRWnOd0aw8OEMK4jh2IV9qtGYUDOw/view,https://drive.google.com/uc?export=download&id=178BKRWnOd0aw8OEMK4jh2IV9qtGYUDOw,178BKRWnOd0aw8OEMK4jh2IV9qtGYUDOw
418,BISE_Sargodha/11th_Class/Annual/BISE_Sargodha_11th_Class_Annual_2023.pdf,BISE_Sargodha_11th_Class_Annual_2023.pdf,4926.7,https://drive.google.com/file/d/1Ta_l0LdGpDiKA7TZ6cfE-3lCcxyIi_ps/view,https://drive.google.com/uc?export=download&id=1Ta_l0LdGpDiKA7TZ6cfE-3lCcxyIi_ps,1Ta_l0LdGpDiKA7TZ6cfE-3lCcxyIi_ps
419,BISE_Sargodha/11th_Class/Annual/BISE_Sargodha_11th_Class_Annual_2024.pdf,BISE_Sargodha_11th_Class_Annual_2024.pdf,4946.4,https://drive.google.com/file/d/1vTTC-pXncXN9AYjo46gi_C19U2N2nwwj/view,https://drive.google.com/uc?export=download&id=1vTTC-pXncXN9AYjo46gi_C19U2N2nwwj,1vTTC-pXncXN9AYjo46gi_C19U2N2nwwj
420,BISE_Sargodha/11th_Class/Annual/BISE_Sargodha_11th_Class_Annual_2025.pdf,BISE_Sargodha_11th_Class_Annual_2025.pdf,5341.5,https://drive.google.com/file/d/15n5GwzavdtVAgy83KCPXN9SEUVm32_T9/view,https://drive.google.com/uc?export=download&id=15n5GwzavdtVAgy83KCPXN9SEUVm32_T9,15n5GwzavdtVAgy83KCPXN9SEUVm32_T9
421,BISE_Sargodha/12th_Class/2nd_Annual_Supply/BISE_Sargodha_12th_Class_2nd_Annual_Supply_2023.pdf,BISE_Sargodha_12th_Class_2nd_Annual_Supply_2023.pdf,1937.8,https://drive.google.com/file/d/1NtP6EXE-A7Y_IQFKEt7_r8GurFBacHwk/view,https://drive.google.com/uc?export=download&id=1NtP6EXE-A7Y_IQFKEt7_r8GurFBacHwk,1NtP6EXE-A7Y_IQFKEt7_r8GurFBacHwk
422,BISE_Sargodha/12th_Class/2nd_Annual_Supply/BISE_Sargodha_12th_Class_2nd_Annual_Supply_2024.pdf,BISE_Sargodha_12th_Class_2nd_Annual_Supply_2024.pdf,2246.0,https://drive.google.com/file/d/1Np_QsS94rW2d1_WuQww8xqBx78ZGKqGs/view,https://drive.google.com/uc?export=download&id=1Np_QsS94rW2d1_WuQww8xqBx78ZGKqGs,1Np_QsS94rW2d1_WuQww8xqBx78ZGKqGs
423,BISE_Sargodha/12th_Class/2nd_Annual_Supply/BISE_Sargodha_12th_Class_2nd_Annual_Supply_2025.pdf,BISE_Sargodha_12th_Class_2nd_Annual_Supply_2025.pdf,1982.7,https://drive.google.com/file/d/197VTUYCWuZQGW5GVAJ_Av97ZPCFevaIb/view,https://drive.google.com/uc?export=download&id=197VTUYCWuZQGW5GVAJ_Av97ZPCFevaIb,197VTUYCWuZQGW5GVAJ_Av97ZPCFevaIb
424,BISE_Sargodha/12th_Class/Annual/BISE_Sargodha_12th_Class_Annual_2021.pdf,BISE_Sargodha_12th_Class_Annual_2021.pdf,5405.3,https://drive.google.com/file/d/1J_gGfptTP5CLQcScdxkDY5_9fr5WOBd-/view,https://drive.google.com/uc?export=download&id=1J_gGfptTP5CLQcScdxkDY5_9fr5WOBd-,1J_gGfptTP5CLQcScdxkDY5_9fr5WOBd-
425,BISE_Sargodha/12th_Class/Annual/BISE_Sargodha_12th_Class_Annual_2022.pdf,BISE_Sargodha_12th_Class_Annual_2022.pdf,6933.3,https://drive.google.com/file/d/1ZZvWfjiBfgFhoiJWadDsFdKVST_SXPAb/view,https://drive.google.com/uc?export=download&id=1ZZvWfjiBfgFhoiJWadDsFdKVST_SXPAb,1ZZvWfjiBfgFhoiJWadDsFdKVST_SXPAb
426,BISE_Sargodha/12th_Class/Annual/BISE_Sargodha_12th_Class_Annual_2023.pdf,BISE_Sargodha_12th_Class_Annual_2023.pdf,4610.3,https://drive.google.com/file/d/1TTjhztGPmzhn7wBOPRfdMzEgJX12IXs2/view,https://drive.google.com/uc?export=download&id=1TTjhztGPmzhn7wBOPRfdMzEgJX12IXs2,1TTjhztGPmzhn7wBOPRfdMzEgJX12IXs2
427,BISE_Sargodha/12th_Class/Annual/BISE_Sargodha_12th_Class_Annual_2024.pdf,BISE_Sargodha_12th_Class_Annual_2024.pdf,5224.6,https://drive.google.com/file/d/1U45jUWRXrH3kAhnvwUF5jL0XKaiGINfd/view,https://drive.google.com/uc?export=download&id=1U45jUWRXrH3kAhnvwUF5jL0XKaiGINfd,1U45jUWRXrH3kAhnvwUF5jL0XKaiGINfd
428,BISE_Sargodha/12th_Class/Annual/BISE_Sargodha_12th_Class_Annual_2025.pdf,BISE_Sargodha_12th_Class_Annual_2025.pdf,2749.0,https://drive.google.com/file/d/1w6ef0_uNT1z1dlU41cyq5hWpBWmBvqlq/view,https://drive.google.com/uc?export=download&id=1w6ef0_uNT1z1dlU41cyq5hWpBWmBvqlq,1w6ef0_uNT1z1dlU41cyq5hWpBWmBvqlq
429,BISE_Sargodha/9th_Class/Annual/BISE_Sargodha_9th_Class_Annual_2021.pdf,BISE_Sargodha_9th_Class_Annual_2021.pdf,8590.0,https://drive.google.com/file/d/1uBpjkRZKRYER_0j3HpSZifmaKolb7ZEA/view,https://drive.google.com/uc?export=download&id=1uBpjkRZKRYER_0j3HpSZifmaKolb7ZEA,1uBpjkRZKRYER_0j3HpSZifmaKolb7ZEA
430,BISE_Sargodha/9th_Class/Annual/BISE_Sargodha_9th_Class_Annual_2022.pdf,BISE_Sargodha_9th_Class_Annual_2022.pdf,8017.4,https://drive.google.com/file/d/16L6HiGD8TyZ0RuKArpzgt7Gdbk3seFHm/view,https://drive.google.com/uc?export=download&id=16L6HiGD8TyZ0RuKArpzgt7Gdbk3seFHm,16L6HiGD8TyZ0RuKArpzgt7Gdbk3seFHm
431,BISE_Sargodha/9th_Class/Annual/BISE_Sargodha_9th_Class_Annual_2023.pdf,BISE_Sargodha_9th_Class_Annual_2023.pdf,8116.7,https://drive.google.com/file/d/1FX8XJNuPgFMWJjInQD-pNE60ljfFREHj/view,https://drive.google.com/uc?export=download&id=1FX8XJNuPgFMWJjInQD-pNE60ljfFREHj,1FX8XJNuPgFMWJjInQD-pNE60ljfFREHj
432,BISE_Sargodha/9th_Class/Annual/BISE_Sargodha_9th_Class_Annual_2024.pdf,BISE_Sargodha_9th_Class_Annual_2024.pdf,8660.6,https://drive.google.com/file/d/1mv1wsq7OehZih92he_-pBWSiIHtS4zru/view,https://drive.google.com/uc?export=download&id=1mv1wsq7OehZih92he_-pBWSiIHtS4zru,1mv1wsq7OehZih92he_-pBWSiIHtS4zru
433,BISE_Sargodha/9th_Class/Annual/BISE_Sargodha_9th_Class_Annual_2025.pdf,BISE_Sargodha_9th_Class_Annual_2025.pdf,8819.1,https://drive.google.com/file/d/1f7GvlRbdHV_zydWU7CM85y6jXlJawcic/view,https://drive.google.com/uc?export=download&id=1f7GvlRbdHV_zydWU7CM85y6jXlJawcic,1f7GvlRbdHV_zydWU7CM85y6jXlJawcic
434,BISE_Sargodha/9th_Class/Annual/BISE_Sargodha_9th_Class_Annual_2026.pdf,BISE_Sargodha_9th_Class_Annual_2026.pdf,8760.0,https://drive.google.com/file/d/1IBkcJxVlYy1lTi0P5warTnAFugwNyclj/view,https://drive.google.com/uc?export=download&id=1IBkcJxVlYy1lTi0P5warTnAFugwNyclj,1IBkcJxVlYy1lTi0P5warTnAFugwNyclj
435,BISE_Sukkur/10th_Class/Annual/BISE_Sukkur_10th_Class_Annual_2021_general.pdf,BISE_Sukkur_10th_Class_Annual_2021_general.pdf,55.3,https://drive.google.com/file/d/1KVIY2AtsIxl96ETUdCt4P5xG0XOfRzuY/view,https://drive.google.com/uc?export=download&id=1KVIY2AtsIxl96ETUdCt4P5xG0XOfRzuY,1KVIY2AtsIxl96ETUdCt4P5xG0XOfRzuY
436,BISE_Sukkur/10th_Class/Annual/BISE_Sukkur_10th_Class_Annual_2021_ghotki_general.pdf,BISE_Sukkur_10th_Class_Annual_2021_ghotki_general.pdf,52.8,https://drive.google.com/file/d/11qpQHnAkI3kGnccKzoICZt2ePuXaATQ0/view,https://drive.google.com/uc?export=download&id=11qpQHnAkI3kGnccKzoICZt2ePuXaATQ0,11qpQHnAkI3kGnccKzoICZt2ePuXaATQ0
437,BISE_Sukkur/10th_Class/Annual/BISE_Sukkur_10th_Class_Annual_2021_ghotki_science.pdf,BISE_Sukkur_10th_Class_Annual_2021_ghotki_science.pdf,193.2,https://drive.google.com/file/d/1SqO922jse7qXIkXhtVegikdLSE1vv6mn/view,https://drive.google.com/uc?export=download&id=1SqO922jse7qXIkXhtVegikdLSE1vv6mn,1SqO922jse7qXIkXhtVegikdLSE1vv6mn
438,BISE_Sukkur/10th_Class/Annual/BISE_Sukkur_10th_Class_Annual_2021_khairpur_general.pdf,BISE_Sukkur_10th_Class_Annual_2021_khairpur_general.pdf,53.9,https://drive.google.com/file/d/166JNW0N_7JA3szNjyIGKm8waESeEHJ_F/view,https://drive.google.com/uc?export=download&id=166JNW0N_7JA3szNjyIGKm8waESeEHJ_F,166JNW0N_7JA3szNjyIGKm8waESeEHJ_F
439,BISE_Sukkur/10th_Class/Annual/BISE_Sukkur_10th_Class_Annual_2021_khairpur_science.pdf,BISE_Sukkur_10th_Class_Annual_2021_khairpur_science.pdf,346.7,https://drive.google.com/file/d/1VZ8n58u8Dorkg4S3CYXuISBg4WoUKqUS/view,https://drive.google.com/uc?export=download&id=1VZ8n58u8Dorkg4S3CYXuISBg4WoUKqUS,1VZ8n58u8Dorkg4S3CYXuISBg4WoUKqUS
440,BISE_Sukkur/10th_Class/Annual/BISE_Sukkur_10th_Class_Annual_2021_science.pdf,BISE_Sukkur_10th_Class_Annual_2021_science.pdf,203.8,https://drive.google.com/file/d/1vWLaKhI0uPx_fIn1FGO6sKOIr1WdXfR2/view,https://drive.google.com/uc?export=download&id=1vWLaKhI0uPx_fIn1FGO6sKOIr1WdXfR2,1vWLaKhI0uPx_fIn1FGO6sKOIr1WdXfR2
441,BISE_Sukkur/10th_Class/Annual/BISE_Sukkur_10th_Class_Annual_2022_general.pdf,BISE_Sukkur_10th_Class_Annual_2022_general.pdf,44.9,https://drive.google.com/file/d/1YmGyLNpdNd6XzTQrhMMsRhe0TVTrE_df/view,https://drive.google.com/uc?export=download&id=1YmGyLNpdNd6XzTQrhMMsRhe0TVTrE_df,1YmGyLNpdNd6XzTQrhMMsRhe0TVTrE_df
442,BISE_Sukkur/10th_Class/Annual/BISE_Sukkur_10th_Class_Annual_2022_ghotki_general.pdf,BISE_Sukkur_10th_Class_Annual_2022_ghotki_general.pdf,78.3,https://drive.google.com/file/d/1GVTA2U-8II_MIq0wG_FToID1wIxohgpS/view,https://drive.google.com/uc?export=download&id=1GVTA2U-8II_MIq0wG_FToID1wIxohgpS,1GVTA2U-8II_MIq0wG_FToID1wIxohgpS
443,BISE_Sukkur/10th_Class/Annual/BISE_Sukkur_10th_Class_Annual_2022_ghotki_science.pdf,BISE_Sukkur_10th_Class_Annual_2022_ghotki_science.pdf,251.8,https://drive.google.com/file/d/1G9kwh2f9Gh1yoiDwhdRbTzKAGl4mZM3W/view,https://drive.google.com/uc?export=download&id=1G9kwh2f9Gh1yoiDwhdRbTzKAGl4mZM3W,1G9kwh2f9Gh1yoiDwhdRbTzKAGl4mZM3W
444,BISE_Sukkur/10th_Class/Annual/BISE_Sukkur_10th_Class_Annual_2022_khairpur_general.pdf,BISE_Sukkur_10th_Class_Annual_2022_khairpur_general.pdf,44.6,https://drive.google.com/file/d/1pRvr0NgYbr8Y4j7T80Yt1AWONVzPD3Zo/view,https://drive.google.com/uc?export=download&id=1pRvr0NgYbr8Y4j7T80Yt1AWONVzPD3Zo,1pRvr0NgYbr8Y4j7T80Yt1AWONVzPD3Zo
445,BISE_Sukkur/10th_Class/Annual/BISE_Sukkur_10th_Class_Annual_2022_khairpur_science.pdf,BISE_Sukkur_10th_Class_Annual_2022_khairpur_science.pdf,298.4,https://drive.google.com/file/d/1miGuRktPOmNEpxV2KoWm_iTZ3wpa3Oz8/view,https://drive.google.com/uc?export=download&id=1miGuRktPOmNEpxV2KoWm_iTZ3wpa3Oz8,1miGuRktPOmNEpxV2KoWm_iTZ3wpa3Oz8
446,BISE_Sukkur/10th_Class/Annual/BISE_Sukkur_10th_Class_Annual_2022_science.pdf,BISE_Sukkur_10th_Class_Annual_2022_science.pdf,185.6,https://drive.google.com/file/d/1cZyX_avBrQR6OEnTzcPPS0_ddROti5ql/view,https://drive.google.com/uc?export=download&id=1cZyX_avBrQR6OEnTzcPPS0_ddROti5ql,1cZyX_avBrQR6OEnTzcPPS0_ddROti5ql
447,BISE_Sukkur/10th_Class/Annual/BISE_Sukkur_10th_Class_Annual_2023_general.pdf,BISE_Sukkur_10th_Class_Annual_2023_general.pdf,46.1,https://drive.google.com/file/d/1gnzRyQExY-FwV64NiUMqVlbZtsJnYjy9/view,https://drive.google.com/uc?export=download&id=1gnzRyQExY-FwV64NiUMqVlbZtsJnYjy9,1gnzRyQExY-FwV64NiUMqVlbZtsJnYjy9
448,BISE_Sukkur/10th_Class/Annual/BISE_Sukkur_10th_Class_Annual_2023_ghotki_general.pdf,BISE_Sukkur_10th_Class_Annual_2023_ghotki_general.pdf,74.4,https://drive.google.com/file/d/13pqjXYBj3Qp5k6eT2ukNn3_VuXt3ChDH/view,https://drive.google.com/uc?export=download&id=13pqjXYBj3Qp5k6eT2ukNn3_VuXt3ChDH,13pqjXYBj3Qp5k6eT2ukNn3_VuXt3ChDH
449,BISE_Sukkur/10th_Class/Annual/BISE_Sukkur_10th_Class_Annual_2023_ghotki_science.pdf,BISE_Sukkur_10th_Class_Annual_2023_ghotki_science.pdf,271.5,https://drive.google.com/file/d/1pBuXdqgrw6mXiu7v5oQ6mSkVVBbEaGgi/view,https://drive.google.com/uc?export=download&id=1pBuXdqgrw6mXiu7v5oQ6mSkVVBbEaGgi,1pBuXdqgrw6mXiu7v5oQ6mSkVVBbEaGgi
450,BISE_Sukkur/10th_Class/Annual/BISE_Sukkur_10th_Class_Annual_2023_khairpur_general.pdf,BISE_Sukkur_10th_Class_Annual_2023_khairpur_general.pdf,46.6,https://drive.google.com/file/d/1VqIHVgm5NXZnERI5jDJTLfXIfq8mDqpI/view,https://drive.google.com/uc?export=download&id=1VqIHVgm5NXZnERI5jDJTLfXIfq8mDqpI,1VqIHVgm5NXZnERI5jDJTLfXIfq8mDqpI
451,BISE_Sukkur/10th_Class/Annual/BISE_Sukkur_10th_Class_Annual_2023_khairpur_science.pdf,BISE_Sukkur_10th_Class_Annual_2023_khairpur_science.pdf,338.7,https://drive.google.com/file/d/1hVeia5f1RwqSAXymi5Y0mYXE8Bc6AF8S/view,https://drive.google.com/uc?export=download&id=1hVeia5f1RwqSAXymi5Y0mYXE8Bc6AF8S,1hVeia5f1RwqSAXymi5Y0mYXE8Bc6AF8S
452,BISE_Sukkur/10th_Class/Annual/BISE_Sukkur_10th_Class_Annual_2023_science.pdf,BISE_Sukkur_10th_Class_Annual_2023_science.pdf,215.2,https://drive.google.com/file/d/1EVh2C2m7hj5pqfKuW6Y1Hm5uKc4a5STX/view,https://drive.google.com/uc?export=download&id=1EVh2C2m7hj5pqfKuW6Y1Hm5uKc4a5STX,1EVh2C2m7hj5pqfKuW6Y1Hm5uKc4a5STX
453,BISE_Sukkur/10th_Class/Annual/BISE_Sukkur_10th_Class_Annual_2024_general.pdf,BISE_Sukkur_10th_Class_Annual_2024_general.pdf,45.0,https://drive.google.com/file/d/1bLXA-PXv5ryz6NY-AZl895y6vtmD_6hT/view,https://drive.google.com/uc?export=download&id=1bLXA-PXv5ryz6NY-AZl895y6vtmD_6hT,1bLXA-PXv5ryz6NY-AZl895y6vtmD_6hT
454,BISE_Sukkur/10th_Class/Annual/BISE_Sukkur_10th_Class_Annual_2024_ghotki_general.pdf,BISE_Sukkur_10th_Class_Annual_2024_ghotki_general.pdf,52.0,https://drive.google.com/file/d/1KT25f8w4JKbdtDbDiInYJIXb3Ov9OhXe/view,https://drive.google.com/uc?export=download&id=1KT25f8w4JKbdtDbDiInYJIXb3Ov9OhXe,1KT25f8w4JKbdtDbDiInYJIXb3Ov9OhXe
455,BISE_Sukkur/10th_Class/Annual/BISE_Sukkur_10th_Class_Annual_2024_ghotki_science.pdf,BISE_Sukkur_10th_Class_Annual_2024_ghotki_science.pdf,251.3,https://drive.google.com/file/d/1DyAywMKuc1nn-Yny8kkfi_a1xOJTPLg_/view,https://drive.google.com/uc?export=download&id=1DyAywMKuc1nn-Yny8kkfi_a1xOJTPLg_,1DyAywMKuc1nn-Yny8kkfi_a1xOJTPLg_
456,BISE_Sukkur/10th_Class/Annual/BISE_Sukkur_10th_Class_Annual_2024_khairpur_general.pdf,BISE_Sukkur_10th_Class_Annual_2024_khairpur_general.pdf,56.4,https://drive.google.com/file/d/1F-GOmFIKV2FyTtkdtFBN4-Dicq7rTWo2/view,https://drive.google.com/uc?export=download&id=1F-GOmFIKV2FyTtkdtFBN4-Dicq7rTWo2,1F-GOmFIKV2FyTtkdtFBN4-Dicq7rTWo2
457,BISE_Sukkur/10th_Class/Annual/BISE_Sukkur_10th_Class_Annual_2024_khairpur_science.pdf,BISE_Sukkur_10th_Class_Annual_2024_khairpur_science.pdf,431.8,https://drive.google.com/file/d/1GHL8JcERBSZY8sRT09r3hq2qb0QEkg3f/view,https://drive.google.com/uc?export=download&id=1GHL8JcERBSZY8sRT09r3hq2qb0QEkg3f,1GHL8JcERBSZY8sRT09r3hq2qb0QEkg3f
458,BISE_Sukkur/10th_Class/Annual/BISE_Sukkur_10th_Class_Annual_2024_science.pdf,BISE_Sukkur_10th_Class_Annual_2024_science.pdf,268.6,https://drive.google.com/file/d/135W7SwIYDJBqqgit-qigRJFfZlF9l8L9/view,https://drive.google.com/uc?export=download&id=135W7SwIYDJBqqgit-qigRJFfZlF9l8L9,135W7SwIYDJBqqgit-qigRJFfZlF9l8L9
459,BISE_Sukkur/10th_Class/Annual/BISE_Sukkur_10th_Class_Annual_2025_general.pdf,BISE_Sukkur_10th_Class_Annual_2025_general.pdf,54.9,https://drive.google.com/file/d/1A5Uvi118FZ2gHqyT60eMHprG9RD9oKvV/view,https://drive.google.com/uc?export=download&id=1A5Uvi118FZ2gHqyT60eMHprG9RD9oKvV,1A5Uvi118FZ2gHqyT60eMHprG9RD9oKvV
460,BISE_Sukkur/10th_Class/Annual/BISE_Sukkur_10th_Class_Annual_2025_ghotki_general.pdf,BISE_Sukkur_10th_Class_Annual_2025_ghotki_general.pdf,46.2,https://drive.google.com/file/d/1DzYbhKCuPntP9c1dgDwdQxoPZX0wVE8j/view,https://drive.google.com/uc?export=download&id=1DzYbhKCuPntP9c1dgDwdQxoPZX0wVE8j,1DzYbhKCuPntP9c1dgDwdQxoPZX0wVE8j
461,BISE_Sukkur/10th_Class/Annual/BISE_Sukkur_10th_Class_Annual_2025_ghotki_science.pdf,BISE_Sukkur_10th_Class_Annual_2025_ghotki_science.pdf,351.6,https://drive.google.com/file/d/1Y8pHlmR53i03Gx7QFGqZ0PHeIbtKHhp8/view,https://drive.google.com/uc?export=download&id=1Y8pHlmR53i03Gx7QFGqZ0PHeIbtKHhp8,1Y8pHlmR53i03Gx7QFGqZ0PHeIbtKHhp8
462,BISE_Sukkur/10th_Class/Annual/BISE_Sukkur_10th_Class_Annual_2025_khairpur_general.pdf,BISE_Sukkur_10th_Class_Annual_2025_khairpur_general.pdf,67.5,https://drive.google.com/file/d/1uRsYZLL2DOKmIB3FJRyPA0oEcitpywIM/view,https://drive.google.com/uc?export=download&id=1uRsYZLL2DOKmIB3FJRyPA0oEcitpywIM,1uRsYZLL2DOKmIB3FJRyPA0oEcitpywIM
463,BISE_Sukkur/10th_Class/Annual/BISE_Sukkur_10th_Class_Annual_2025_khairpur_science.pdf,BISE_Sukkur_10th_Class_Annual_2025_khairpur_science.pdf,624.7,https://drive.google.com/file/d/1ZVJ8LR-5QkXuyO-eJqaioZaBwlOOLs5s/view,https://drive.google.com/uc?export=download&id=1ZVJ8LR-5QkXuyO-eJqaioZaBwlOOLs5s,1ZVJ8LR-5QkXuyO-eJqaioZaBwlOOLs5s
464,BISE_Sukkur/10th_Class/Annual/BISE_Sukkur_10th_Class_Annual_2025_science.pdf,BISE_Sukkur_10th_Class_Annual_2025_science.pdf,371.7,https://drive.google.com/file/d/1TKNZ8r6l69gzSJKRYIYYna03h-EwpCul/view,https://drive.google.com/uc?export=download&id=1TKNZ8r6l69gzSJKRYIYYna03h-EwpCul,1TKNZ8r6l69gzSJKRYIYYna03h-EwpCul
465,BISE_Sukkur/10th_Class/Annual/BISE_Sukkur_10th_Class_Annual_2026_ghotki_science.pdf,BISE_Sukkur_10th_Class_Annual_2026_ghotki_science.pdf,368.7,https://drive.google.com/file/d/1DVEJWUILOzW3Mve3aKHUJmOL4lK2Ai8i/view,https://drive.google.com/uc?export=download&id=1DVEJWUILOzW3Mve3aKHUJmOL4lK2Ai8i,1DVEJWUILOzW3Mve3aKHUJmOL4lK2Ai8i
466,BISE_Sukkur/10th_Class/Annual/BISE_Sukkur_10th_Class_Annual_2026_khairpur_science.pdf,BISE_Sukkur_10th_Class_Annual_2026_khairpur_science.pdf,602.1,https://drive.google.com/file/d/1EI7nciN7PHRepEuxQycD7GrqunwYLB8C/view,https://drive.google.com/uc?export=download&id=1EI7nciN7PHRepEuxQycD7GrqunwYLB8C,1EI7nciN7PHRepEuxQycD7GrqunwYLB8C
467,BISE_Sukkur/10th_Class/Annual/BISE_Sukkur_10th_Class_Annual_2026_science.pdf,BISE_Sukkur_10th_Class_Annual_2026_science.pdf,388.0,https://drive.google.com/file/d/1TQxfHPLaTL1xVyJtgl3kKyjdEOXrhRm8/view,https://drive.google.com/uc?export=download&id=1TQxfHPLaTL1xVyJtgl3kKyjdEOXrhRm8,1TQxfHPLaTL1xVyJtgl3kKyjdEOXrhRm8
468,BISE_Sukkur/9th_Class/Annual/BISE_Sukkur_9th_Class_Annual_2021_general.pdf,BISE_Sukkur_9th_Class_Annual_2021_general.pdf,55.3,https://drive.google.com/file/d/1RSUDhB109FLBBp_jadj_dmAi5_A9Hucq/view,https://drive.google.com/uc?export=download&id=1RSUDhB109FLBBp_jadj_dmAi5_A9Hucq,1RSUDhB109FLBBp_jadj_dmAi5_A9Hucq
469,BISE_Sukkur/9th_Class/Annual/BISE_Sukkur_9th_Class_Annual_2021_ghotki_general.pdf,BISE_Sukkur_9th_Class_Annual_2021_ghotki_general.pdf,52.8,https://drive.google.com/file/d/1gWc_uh2k0nOgp_Wzi-yZXQbe-9CRVEMf/view,https://drive.google.com/uc?export=download&id=1gWc_uh2k0nOgp_Wzi-yZXQbe-9CRVEMf,1gWc_uh2k0nOgp_Wzi-yZXQbe-9CRVEMf
470,BISE_Sukkur/9th_Class/Annual/BISE_Sukkur_9th_Class_Annual_2021_ghotki_science.pdf,BISE_Sukkur_9th_Class_Annual_2021_ghotki_science.pdf,193.2,https://drive.google.com/file/d/1L4k4pUjmOf6r2gt_C6m24sSA_F_P-Q3O/view,https://drive.google.com/uc?export=download&id=1L4k4pUjmOf6r2gt_C6m24sSA_F_P-Q3O,1L4k4pUjmOf6r2gt_C6m24sSA_F_P-Q3O
471,BISE_Sukkur/9th_Class/Annual/BISE_Sukkur_9th_Class_Annual_2021_khairpur_general.pdf,BISE_Sukkur_9th_Class_Annual_2021_khairpur_general.pdf,53.9,https://drive.google.com/file/d/1szuSe0cDjXKWJM6Qk_6uYDs2nKcJtBKY/view,https://drive.google.com/uc?export=download&id=1szuSe0cDjXKWJM6Qk_6uYDs2nKcJtBKY,1szuSe0cDjXKWJM6Qk_6uYDs2nKcJtBKY
472,BISE_Sukkur/9th_Class/Annual/BISE_Sukkur_9th_Class_Annual_2021_khairpur_science.pdf,BISE_Sukkur_9th_Class_Annual_2021_khairpur_science.pdf,346.7,https://drive.google.com/file/d/1_2fU4LLYxnJrYE0AKJjgjAFiENHa5iLS/view,https://drive.google.com/uc?export=download&id=1_2fU4LLYxnJrYE0AKJjgjAFiENHa5iLS,1_2fU4LLYxnJrYE0AKJjgjAFiENHa5iLS
473,BISE_Sukkur/9th_Class/Annual/BISE_Sukkur_9th_Class_Annual_2021_science.pdf,BISE_Sukkur_9th_Class_Annual_2021_science.pdf,203.8,https://drive.google.com/file/d/19dV-N1khG7K8HeBlM_blljbhdEtJTn2b/view,https://drive.google.com/uc?export=download&id=19dV-N1khG7K8HeBlM_blljbhdEtJTn2b,19dV-N1khG7K8HeBlM_blljbhdEtJTn2b
474,BISE_Sukkur/9th_Class/Annual/BISE_Sukkur_9th_Class_Annual_2022_general.pdf,BISE_Sukkur_9th_Class_Annual_2022_general.pdf,44.9,https://drive.google.com/file/d/1WhTLQGAULgzhdK3hs7Cs-9wyChf0W-qM/view,https://drive.google.com/uc?export=download&id=1WhTLQGAULgzhdK3hs7Cs-9wyChf0W-qM,1WhTLQGAULgzhdK3hs7Cs-9wyChf0W-qM
475,BISE_Sukkur/9th_Class/Annual/BISE_Sukkur_9th_Class_Annual_2022_ghotki_general.pdf,BISE_Sukkur_9th_Class_Annual_2022_ghotki_general.pdf,78.3,https://drive.google.com/file/d/1dz8c4XM15YPPe80ulrR4ZQ6UhZ94a5jm/view,https://drive.google.com/uc?export=download&id=1dz8c4XM15YPPe80ulrR4ZQ6UhZ94a5jm,1dz8c4XM15YPPe80ulrR4ZQ6UhZ94a5jm
476,BISE_Sukkur/9th_Class/Annual/BISE_Sukkur_9th_Class_Annual_2022_ghotki_science.pdf,BISE_Sukkur_9th_Class_Annual_2022_ghotki_science.pdf,251.8,https://drive.google.com/file/d/1VXjBMc7XMxVbHVDcxLNVezeQE40BVbAK/view,https://drive.google.com/uc?export=download&id=1VXjBMc7XMxVbHVDcxLNVezeQE40BVbAK,1VXjBMc7XMxVbHVDcxLNVezeQE40BVbAK
477,BISE_Sukkur/9th_Class/Annual/BISE_Sukkur_9th_Class_Annual_2022_khairpur_general.pdf,BISE_Sukkur_9th_Class_Annual_2022_khairpur_general.pdf,44.6,https://drive.google.com/file/d/1D5Ll_anEjBJrqq-2puPg-1HOXhxWUqpm/view,https://drive.google.com/uc?export=download&id=1D5Ll_anEjBJrqq-2puPg-1HOXhxWUqpm,1D5Ll_anEjBJrqq-2puPg-1HOXhxWUqpm
478,BISE_Sukkur/9th_Class/Annual/BISE_Sukkur_9th_Class_Annual_2022_khairpur_science.pdf,BISE_Sukkur_9th_Class_Annual_2022_khairpur_science.pdf,298.4,https://drive.google.com/file/d/1JBnphBRKpRktjhR-s_HA5Zqlplzh90sr/view,https://drive.google.com/uc?export=download&id=1JBnphBRKpRktjhR-s_HA5Zqlplzh90sr,1JBnphBRKpRktjhR-s_HA5Zqlplzh90sr
479,BISE_Sukkur/9th_Class/Annual/BISE_Sukkur_9th_Class_Annual_2022_science.pdf,BISE_Sukkur_9th_Class_Annual_2022_science.pdf,185.6,https://drive.google.com/file/d/11QS1uuIqQDdlEfgK_9ObI5u4ke0ZN92Z/view,https://drive.google.com/uc?export=download&id=11QS1uuIqQDdlEfgK_9ObI5u4ke0ZN92Z,11QS1uuIqQDdlEfgK_9ObI5u4ke0ZN92Z
480,BISE_Sukkur/9th_Class/Annual/BISE_Sukkur_9th_Class_Annual_2025_general.pdf,BISE_Sukkur_9th_Class_Annual_2025_general.pdf,267.5,https://drive.google.com/file/d/1vHTG-xmiTbWCayB24J8f8Zd_0BiPGkQ6/view,https://drive.google.com/uc?export=download&id=1vHTG-xmiTbWCayB24J8f8Zd_0BiPGkQ6,1vHTG-xmiTbWCayB24J8f8Zd_0BiPGkQ6
481,BISE_Sukkur/9th_Class/Annual/BISE_Sukkur_9th_Class_Annual_2025_ghotki_general.pdf,BISE_Sukkur_9th_Class_Annual_2025_ghotki_general.pdf,134.4,https://drive.google.com/file/d/1T4lK_R2xjWhB3HvUERqHhTgYAJQFEJ1T/view,https://drive.google.com/uc?export=download&id=1T4lK_R2xjWhB3HvUERqHhTgYAJQFEJ1T,1T4lK_R2xjWhB3HvUERqHhTgYAJQFEJ1T
482,BISE_Sukkur/9th_Class/Annual/BISE_Sukkur_9th_Class_Annual_2025_ghotki_science.pdf,BISE_Sukkur_9th_Class_Annual_2025_ghotki_science.pdf,369.3,https://drive.google.com/file/d/1N21AiY1JiM67_BZ2WCTic__Rt8fz1BqO/view,https://drive.google.com/uc?export=download&id=1N21AiY1JiM67_BZ2WCTic__Rt8fz1BqO,1N21AiY1JiM67_BZ2WCTic__Rt8fz1BqO
483,BISE_Sukkur/9th_Class/Annual/BISE_Sukkur_9th_Class_Annual_2025_khairpur_general.pdf,BISE_Sukkur_9th_Class_Annual_2025_khairpur_general.pdf,266.2,https://drive.google.com/file/d/15nn4mSlosOqk-pk9yEvZHcCvrUOLUmyM/view,https://drive.google.com/uc?export=download&id=15nn4mSlosOqk-pk9yEvZHcCvrUOLUmyM,15nn4mSlosOqk-pk9yEvZHcCvrUOLUmyM
484,BISE_Sukkur/9th_Class/Annual/BISE_Sukkur_9th_Class_Annual_2025_khairpur_science.pdf,BISE_Sukkur_9th_Class_Annual_2025_khairpur_science.pdf,597.3,https://drive.google.com/file/d/140IF76OvgHBN3LNMwYwgnaKjGD2fPey2/view,https://drive.google.com/uc?export=download&id=140IF76OvgHBN3LNMwYwgnaKjGD2fPey2,140IF76OvgHBN3LNMwYwgnaKjGD2fPey2
485,BISE_Sukkur/9th_Class/Annual/BISE_Sukkur_9th_Class_Annual_2025_science.pdf,BISE_Sukkur_9th_Class_Annual_2025_science.pdf,388.0,https://drive.google.com/file/d/1fNWHKOPEntpiYdHNO-FZIPXjtNN-0G1a/view,https://drive.google.com/uc?export=download&id=1fNWHKOPEntpiYdHNO-FZIPXjtNN-0G1a,1fNWHKOPEntpiYdHNO-FZIPXjtNN-0G1a
486,BISE_Swat/10th_Class/2nd_Annual_Supply/BISE_Swat_10th_Class_2nd_Annual_Supply_2021.pdf,BISE_Swat_10th_Class_2nd_Annual_Supply_2021.pdf,1883.3,https://drive.google.com/file/d/1eqqrcJbK_YTgLn65X6iNFlKLmAKf2GCQ/view,https://drive.google.com/uc?export=download&id=1eqqrcJbK_YTgLn65X6iNFlKLmAKf2GCQ,1eqqrcJbK_YTgLn65X6iNFlKLmAKf2GCQ
487,BISE_Swat/10th_Class/2nd_Annual_Supply/BISE_Swat_10th_Class_2nd_Annual_Supply_2022.pdf,BISE_Swat_10th_Class_2nd_Annual_Supply_2022.pdf,26146.9,https://drive.google.com/file/d/1DZStJUkmPF26Os6EpxQy1sA0ZdmB_0oI/view,https://drive.google.com/uc?export=download&id=1DZStJUkmPF26Os6EpxQy1sA0ZdmB_0oI,1DZStJUkmPF26Os6EpxQy1sA0ZdmB_0oI
488,BISE_Swat/10th_Class/2nd_Annual_Supply/BISE_Swat_10th_Class_2nd_Annual_Supply_2023.pdf,BISE_Swat_10th_Class_2nd_Annual_Supply_2023.pdf,19707.8,https://drive.google.com/file/d/1FawM02oDlzjQ8kQjUeqapk5f7m3hGV58/view,https://drive.google.com/uc?export=download&id=1FawM02oDlzjQ8kQjUeqapk5f7m3hGV58,1FawM02oDlzjQ8kQjUeqapk5f7m3hGV58
489,BISE_Swat/10th_Class/2nd_Annual_Supply/BISE_Swat_10th_Class_2nd_Annual_Supply_2024.pdf,BISE_Swat_10th_Class_2nd_Annual_Supply_2024.pdf,10613.3,https://drive.google.com/file/d/1RxgeIPN-iTKVPABSVciWxNcc7zZRLvgt/view,https://drive.google.com/uc?export=download&id=1RxgeIPN-iTKVPABSVciWxNcc7zZRLvgt,1RxgeIPN-iTKVPABSVciWxNcc7zZRLvgt
490,BISE_Swat/10th_Class/2nd_Annual_Supply/BISE_Swat_10th_Class_2nd_Annual_Supply_2025.pdf,BISE_Swat_10th_Class_2nd_Annual_Supply_2025.pdf,11571.3,https://drive.google.com/file/d/15gvKAsYCkP9nhsXE3AcoOVgy5IOBIEkp/view,https://drive.google.com/uc?export=download&id=15gvKAsYCkP9nhsXE3AcoOVgy5IOBIEkp,15gvKAsYCkP9nhsXE3AcoOVgy5IOBIEkp
491,BISE_Swat/10th_Class/Annual/BISE_Swat_10th_Class_Annual_2021.pdf,BISE_Swat_10th_Class_Annual_2021.pdf,30432.9,https://drive.google.com/file/d/1Ot6OX1zzu1OdTsSWO5K0DNfDeoF5mi6W/view,https://drive.google.com/uc?export=download&id=1Ot6OX1zzu1OdTsSWO5K0DNfDeoF5mi6W,1Ot6OX1zzu1OdTsSWO5K0DNfDeoF5mi6W
492,BISE_Swat/10th_Class/Annual/BISE_Swat_10th_Class_Annual_2022.pdf,BISE_Swat_10th_Class_Annual_2022.pdf,31463.4,https://drive.google.com/file/d/1M2PA8MeZOjHXRwqg5wMNjSAt31sYpyDB/view,https://drive.google.com/uc?export=download&id=1M2PA8MeZOjHXRwqg5wMNjSAt31sYpyDB,1M2PA8MeZOjHXRwqg5wMNjSAt31sYpyDB
493,BISE_Swat/10th_Class/Annual/BISE_Swat_10th_Class_Annual_2023.pdf,BISE_Swat_10th_Class_Annual_2023.pdf,31656.1,https://drive.google.com/file/d/1oXbppRArDQj2LwchltnD5tl0CpzRBLCq/view,https://drive.google.com/uc?export=download&id=1oXbppRArDQj2LwchltnD5tl0CpzRBLCq,1oXbppRArDQj2LwchltnD5tl0CpzRBLCq
494,BISE_Swat/10th_Class/Annual/BISE_Swat_10th_Class_Annual_2024.pdf,BISE_Swat_10th_Class_Annual_2024.pdf,8543.8,https://drive.google.com/file/d/1qat8BH17nZaxEoOTnXi7zaad4edCMDX1/view,https://drive.google.com/uc?export=download&id=1qat8BH17nZaxEoOTnXi7zaad4edCMDX1,1qat8BH17nZaxEoOTnXi7zaad4edCMDX1
495,BISE_Swat/10th_Class/Annual/BISE_Swat_10th_Class_Annual_2025.pdf,BISE_Swat_10th_Class_Annual_2025.pdf,35753.6,https://drive.google.com/file/d/1GpshxI4NcV3FkGCDc0dxl0VcjWk6PLyK/view,https://drive.google.com/uc?export=download&id=1GpshxI4NcV3FkGCDc0dxl0VcjWk6PLyK,1GpshxI4NcV3FkGCDc0dxl0VcjWk6PLyK
496,BISE_Swat/10th_Class/Annual/BISE_Swat_10th_Class_Annual_2026.pdf,BISE_Swat_10th_Class_Annual_2026.pdf,7792.7,https://drive.google.com/file/d/1-Asd2gtJMpJz60zF7OL_OlBFzBiSV1z4/view,https://drive.google.com/uc?export=download&id=1-Asd2gtJMpJz60zF7OL_OlBFzBiSV1z4,1-Asd2gtJMpJz60zF7OL_OlBFzBiSV1z4
497,BISE_Swat/11th_Class/2nd_Annual_Supply/BISE_Swat_11th_Class_2nd_Annual_Supply_2023.pdf,BISE_Swat_11th_Class_2nd_Annual_Supply_2023.pdf,13570.6,https://drive.google.com/file/d/1gKTJI5L-ANumkv9yn3tFfJjn-FTvlaNF/view,https://drive.google.com/uc?export=download&id=1gKTJI5L-ANumkv9yn3tFfJjn-FTvlaNF,1gKTJI5L-ANumkv9yn3tFfJjn-FTvlaNF
498,BISE_Swat/11th_Class/2nd_Annual_Supply/BISE_Swat_11th_Class_2nd_Annual_Supply_2024.pdf,BISE_Swat_11th_Class_2nd_Annual_Supply_2024.pdf,7812.5,https://drive.google.com/file/d/150HrASRGRzCg61Goj0_ywcvKIyTZKUg1/view,https://drive.google.com/uc?export=download&id=150HrASRGRzCg61Goj0_ywcvKIyTZKUg1,150HrASRGRzCg61Goj0_ywcvKIyTZKUg1
499,BISE_Swat/11th_Class/2nd_Annual_Supply/BISE_Swat_11th_Class_2nd_Annual_Supply_2025.pdf,BISE_Swat_11th_Class_2nd_Annual_Supply_2025.pdf,4083.4,https://drive.google.com/file/d/1L0DD_GWLPAeHlCRVcjo0sDkpaYQBVkek/view,https://drive.google.com/uc?export=download&id=1L0DD_GWLPAeHlCRVcjo0sDkpaYQBVkek,1L0DD_GWLPAeHlCRVcjo0sDkpaYQBVkek
500,BISE_Swat/11th_Class/2nd_Annual_Supply/BISE_Swat_11th_Class_2nd_Annual_Supply_2026.pdf,BISE_Swat_11th_Class_2nd_Annual_Supply_2026.pdf,4083.4,https://drive.google.com/file/d/1OreK5HtFle-KAUAeLlnhPqgh4DFpnvRe/view,https://drive.google.com/uc?export=download&id=1OreK5HtFle-KAUAeLlnhPqgh4DFpnvRe,1OreK5HtFle-KAUAeLlnhPqgh4DFpnvRe
501,BISE_Swat/11th_Class/Annual/BISE_Swat_11th_Class_Annual_2022.pdf,BISE_Swat_11th_Class_Annual_2022.pdf,18913.2,https://drive.google.com/file/d/12K3m2pDJVFJTAp-EOzwT_NyGfTJbJixy/view,https://drive.google.com/uc?export=download&id=12K3m2pDJVFJTAp-EOzwT_NyGfTJbJixy,12K3m2pDJVFJTAp-EOzwT_NyGfTJbJixy
502,BISE_Swat/11th_Class/Annual/BISE_Swat_11th_Class_Annual_2023.pdf,BISE_Swat_11th_Class_Annual_2023.pdf,19915.6,https://drive.google.com/file/d/1Yk9_yJp5zkIslgB-xAcZhnSFJXMfWpPC/view,https://drive.google.com/uc?export=download&id=1Yk9_yJp5zkIslgB-xAcZhnSFJXMfWpPC,1Yk9_yJp5zkIslgB-xAcZhnSFJXMfWpPC
503,BISE_Swat/11th_Class/Annual/BISE_Swat_11th_Class_Annual_2024.pdf,BISE_Swat_11th_Class_Annual_2024.pdf,10236.4,https://drive.google.com/file/d/1mIlu-9d0DO43sr_lMVxQ8XxhGKUyxUer/view,https://drive.google.com/uc?export=download&id=1mIlu-9d0DO43sr_lMVxQ8XxhGKUyxUer,1mIlu-9d0DO43sr_lMVxQ8XxhGKUyxUer
504,BISE_Swat/11th_Class/Annual/BISE_Swat_11th_Class_Annual_2025.pdf,BISE_Swat_11th_Class_Annual_2025.pdf,23550.5,https://drive.google.com/file/d/1U-ELoNt3WpE0qfWDlgxTPr3DGUMu0Rir/view,https://drive.google.com/uc?export=download&id=1U-ELoNt3WpE0qfWDlgxTPr3DGUMu0Rir,1U-ELoNt3WpE0qfWDlgxTPr3DGUMu0Rir
505,BISE_Swat/11th_Class/Annual/BISE_Swat_11th_Class_Annual_2026.pdf,BISE_Swat_11th_Class_Annual_2026.pdf,23550.5,https://drive.google.com/file/d/1wIjafrx85z8VT04a3fUir3YQ9d2zhmB0/view,https://drive.google.com/uc?export=download&id=1wIjafrx85z8VT04a3fUir3YQ9d2zhmB0,1wIjafrx85z8VT04a3fUir3YQ9d2zhmB0
506,BISE_Swat/12th_Class/2nd_Annual_Supply/BISE_Swat_12th_Class_2nd_Annual_Supply_2021.pdf,BISE_Swat_12th_Class_2nd_Annual_Supply_2021.pdf,2555.1,https://drive.google.com/file/d/1qzMZ6dNyw2wUB0oxaLPFJnqbkXqQfNk3/view,https://drive.google.com/uc?export=download&id=1qzMZ6dNyw2wUB0oxaLPFJnqbkXqQfNk3,1qzMZ6dNyw2wUB0oxaLPFJnqbkXqQfNk3
507,BISE_Swat/12th_Class/2nd_Annual_Supply/BISE_Swat_12th_Class_2nd_Annual_Supply_2022.pdf,BISE_Swat_12th_Class_2nd_Annual_Supply_2022.pdf,2555.1,https://drive.google.com/file/d/1FNbZ60749sRIZ4EPV2bs9IyQct282WBg/view,https://drive.google.com/uc?export=download&id=1FNbZ60749sRIZ4EPV2bs9IyQct282WBg,1FNbZ60749sRIZ4EPV2bs9IyQct282WBg
508,BISE_Swat/12th_Class/2nd_Annual_Supply/BISE_Swat_12th_Class_2nd_Annual_Supply_2023.pdf,BISE_Swat_12th_Class_2nd_Annual_Supply_2023.pdf,13570.6,https://drive.google.com/file/d/1MygVTKWivJ0JyiEhKpbtSD4WcxfKQlb_/view,https://drive.google.com/uc?export=download&id=1MygVTKWivJ0JyiEhKpbtSD4WcxfKQlb_,1MygVTKWivJ0JyiEhKpbtSD4WcxfKQlb_
509,BISE_Swat/12th_Class/2nd_Annual_Supply/BISE_Swat_12th_Class_2nd_Annual_Supply_2024.pdf,BISE_Swat_12th_Class_2nd_Annual_Supply_2024.pdf,7812.5,https://drive.google.com/file/d/1C76344GJrxU2aC_clNvuYOOlb3IvOg3l/view,https://drive.google.com/uc?export=download&id=1C76344GJrxU2aC_clNvuYOOlb3IvOg3l,1C76344GJrxU2aC_clNvuYOOlb3IvOg3l
510,BISE_Swat/12th_Class/2nd_Annual_Supply/BISE_Swat_12th_Class_2nd_Annual_Supply_2025.pdf,BISE_Swat_12th_Class_2nd_Annual_Supply_2025.pdf,2167.2,https://drive.google.com/file/d/1mlY1xnBPHXwvodSFZeQTFx2nDxhXjk4r/view,https://drive.google.com/uc?export=download&id=1mlY1xnBPHXwvodSFZeQTFx2nDxhXjk4r,1mlY1xnBPHXwvodSFZeQTFx2nDxhXjk4r
511,BISE_Swat/12th_Class/2nd_Annual_Supply/BISE_Swat_12th_Class_2nd_Annual_Supply_2026.pdf,BISE_Swat_12th_Class_2nd_Annual_Supply_2026.pdf,2167.2,https://drive.google.com/file/d/1vjTpW9ZWkfIqa5RpNdrLgtxMijbJ3hlq/view,https://drive.google.com/uc?export=download&id=1vjTpW9ZWkfIqa5RpNdrLgtxMijbJ3hlq,1vjTpW9ZWkfIqa5RpNdrLgtxMijbJ3hlq
512,BISE_Swat/12th_Class/Annual/BISE_Swat_12th_Class_Annual_2021.pdf,BISE_Swat_12th_Class_Annual_2021.pdf,19470.3,https://drive.google.com/file/d/1yPAr0MFxJzw4EX4IU7FhlW2gz3Wn1_zZ/view,https://drive.google.com/uc?export=download&id=1yPAr0MFxJzw4EX4IU7FhlW2gz3Wn1_zZ,1yPAr0MFxJzw4EX4IU7FhlW2gz3Wn1_zZ
513,BISE_Swat/12th_Class/Annual/BISE_Swat_12th_Class_Annual_2022.pdf,BISE_Swat_12th_Class_Annual_2022.pdf,17754.5,https://drive.google.com/file/d/1xxvgovXj8Ip1dmDu3FgE_o9vAqVQoATV/view,https://drive.google.com/uc?export=download&id=1xxvgovXj8Ip1dmDu3FgE_o9vAqVQoATV,1xxvgovXj8Ip1dmDu3FgE_o9vAqVQoATV
514,BISE_Swat/12th_Class/Annual/BISE_Swat_12th_Class_Annual_2023.pdf,BISE_Swat_12th_Class_Annual_2023.pdf,18186.9,https://drive.google.com/file/d/1DFGa7pk1_EJO68aisRyI3sXKUZwMdZtD/view,https://drive.google.com/uc?export=download&id=1DFGa7pk1_EJO68aisRyI3sXKUZwMdZtD,1DFGa7pk1_EJO68aisRyI3sXKUZwMdZtD
515,BISE_Swat/12th_Class/Annual/BISE_Swat_12th_Class_Annual_2024.pdf,BISE_Swat_12th_Class_Annual_2024.pdf,10236.4,https://drive.google.com/file/d/1J9mCI7i0DZzat_NqCljW0SZCDDh1lo4c/view,https://drive.google.com/uc?export=download&id=1J9mCI7i0DZzat_NqCljW0SZCDDh1lo4c,1J9mCI7i0DZzat_NqCljW0SZCDDh1lo4c
516,BISE_Swat/12th_Class/Annual/BISE_Swat_12th_Class_Annual_2025.pdf,BISE_Swat_12th_Class_Annual_2025.pdf,22979.4,https://drive.google.com/file/d/1Fg-vpnREjzvI-M3fpQXdUIVI5uhv9MAP/view,https://drive.google.com/uc?export=download&id=1Fg-vpnREjzvI-M3fpQXdUIVI5uhv9MAP,1Fg-vpnREjzvI-M3fpQXdUIVI5uhv9MAP
517,BISE_Swat/12th_Class/Annual/BISE_Swat_12th_Class_Annual_2026.pdf,BISE_Swat_12th_Class_Annual_2026.pdf,22979.4,https://drive.google.com/file/d/122SB-p0g1kwW3oLz48vZIeqGuh3RytNN/view,https://drive.google.com/uc?export=download&id=122SB-p0g1kwW3oLz48vZIeqGuh3RytNN,122SB-p0g1kwW3oLz48vZIeqGuh3RytNN
518,BISE_Swat/9th_Class/2nd_Annual_Supply/BISE_Swat_9th_Class_2nd_Annual_Supply_2022.pdf,BISE_Swat_9th_Class_2nd_Annual_Supply_2022.pdf,26146.9,https://drive.google.com/file/d/14sPqQQ0A4kPubOOBoF6M3ORaiyGoyYkJ/view,https://drive.google.com/uc?export=download&id=14sPqQQ0A4kPubOOBoF6M3ORaiyGoyYkJ,14sPqQQ0A4kPubOOBoF6M3ORaiyGoyYkJ
519,BISE_Swat/9th_Class/2nd_Annual_Supply/BISE_Swat_9th_Class_2nd_Annual_Supply_2023.pdf,BISE_Swat_9th_Class_2nd_Annual_Supply_2023.pdf,19707.8,https://drive.google.com/file/d/1idMxBl0eA2_YMnjgbxsEPvJAXMZhE2qp/view,https://drive.google.com/uc?export=download&id=1idMxBl0eA2_YMnjgbxsEPvJAXMZhE2qp,1idMxBl0eA2_YMnjgbxsEPvJAXMZhE2qp
520,BISE_Swat/9th_Class/2nd_Annual_Supply/BISE_Swat_9th_Class_2nd_Annual_Supply_2024.pdf,BISE_Swat_9th_Class_2nd_Annual_Supply_2024.pdf,10613.3,https://drive.google.com/file/d/13aNLiWip2zQ5Sz2zH2j_-KRBNx4nVbHK/view,https://drive.google.com/uc?export=download&id=13aNLiWip2zQ5Sz2zH2j_-KRBNx4nVbHK,13aNLiWip2zQ5Sz2zH2j_-KRBNx4nVbHK
521,BISE_Swat/9th_Class/2nd_Annual_Supply/BISE_Swat_9th_Class_2nd_Annual_Supply_2025.pdf,BISE_Swat_9th_Class_2nd_Annual_Supply_2025.pdf,11571.3,https://drive.google.com/file/d/1iCXxfqg9OD-HMzwBB4MgFC2XSGqAQxJz/view,https://drive.google.com/uc?export=download&id=1iCXxfqg9OD-HMzwBB4MgFC2XSGqAQxJz,1iCXxfqg9OD-HMzwBB4MgFC2XSGqAQxJz
522,BISE_Swat/9th_Class/Annual/BISE_Swat_9th_Class_Annual_2022.pdf,BISE_Swat_9th_Class_Annual_2022.pdf,32151.1,https://drive.google.com/file/d/1RGST1wFzqLtpMNSK8JXo6Ecz4m8x9eT0/view,https://drive.google.com/uc?export=download&id=1RGST1wFzqLtpMNSK8JXo6Ecz4m8x9eT0,1RGST1wFzqLtpMNSK8JXo6Ecz4m8x9eT0
523,BISE_Swat/9th_Class/Annual/BISE_Swat_9th_Class_Annual_2023.pdf,BISE_Swat_9th_Class_Annual_2023.pdf,34525.7,https://drive.google.com/file/d/1irxNQ_eEYsRNkVoUnw4UIVQ2tHFPfOJT/view,https://drive.google.com/uc?export=download&id=1irxNQ_eEYsRNkVoUnw4UIVQ2tHFPfOJT,1irxNQ_eEYsRNkVoUnw4UIVQ2tHFPfOJT
524,BISE_Swat/9th_Class/Annual/BISE_Swat_9th_Class_Annual_2024.pdf,BISE_Swat_9th_Class_Annual_2024.pdf,34948.5,https://drive.google.com/file/d/1KP4SxgLRIApyhl3e6am-KugzG-Q-fDjY/view,https://drive.google.com/uc?export=download&id=1KP4SxgLRIApyhl3e6am-KugzG-Q-fDjY,1KP4SxgLRIApyhl3e6am-KugzG-Q-fDjY
525,BISE_Swat/9th_Class/Annual/BISE_Swat_9th_Class_Annual_2025.pdf,BISE_Swat_9th_Class_Annual_2025.pdf,35753.6,https://drive.google.com/file/d/1k-ronUhNV6lDjtqTDyeD3uwXa8IL_Mgh/view,https://drive.google.com/uc?export=download&id=1k-ronUhNV6lDjtqTDyeD3uwXa8IL_Mgh,1k-ronUhNV6lDjtqTDyeD3uwXa8IL_Mgh
526,BISE_Swat/9th_Class/Annual/BISE_Swat_9th_Class_Annual_2026.pdf,BISE_Swat_9th_Class_Annual_2026.pdf,8241.6,https://drive.google.com/file/d/1e3AYIOVu2Mb64MgiFVZOM9K-mWljaVsX/view,https://drive.google.com/uc?export=download&id=1e3AYIOVu2Mb64MgiFVZOM9K-mWljaVsX,1e3AYIOVu2Mb64MgiFVZOM9K-mWljaVsX
527,BSEK_Karachi/10th_Class/Annual/BSEK_Karachi_10th_Class_Annual_2026_general.pdf,BSEK_Karachi_10th_Class_Annual_2026_general.pdf,1181.0,https://drive.google.com/file/d/1tTJ03qZRYjAfp1vTqHtwXSAWTKDXBQDX/view,https://drive.google.com/uc?export=download&id=1tTJ03qZRYjAfp1vTqHtwXSAWTKDXBQDX,1tTJ03qZRYjAfp1vTqHtwXSAWTKDXBQDX
528,BSEK_Karachi/9th_Class/Annual/BSEK_Karachi_9th_Class_Annual_2022.pdf,BSEK_Karachi_9th_Class_Annual_2022.pdf,2415.3,https://drive.google.com/file/d/11Zm4wrqhMhwkkjSkafjpGCu-iQsz6xPe/view,https://drive.google.com/uc?export=download&id=11Zm4wrqhMhwkkjSkafjpGCu-iQsz6xPe,11Zm4wrqhMhwkkjSkafjpGCu-iQsz6xPe
529,BSEK_Karachi/9th_Class/Annual/BSEK_Karachi_9th_Class_Annual_2024_general.pdf,BSEK_Karachi_9th_Class_Annual_2024_general.pdf,4738.8,https://drive.google.com/file/d/1Un96nGdPA9b3f0Ed1ICHH2u50bg-wza2/view,https://drive.google.com/uc?export=download&id=1Un96nGdPA9b3f0Ed1ICHH2u50bg-wza2,1Un96nGdPA9b3f0Ed1ICHH2u50bg-wza2
530,BSEK_Karachi/9th_Class/Annual/BSEK_Karachi_9th_Class_Annual_2024_science.pdf,BSEK_Karachi_9th_Class_Annual_2024_science.pdf,8114.2,https://drive.google.com/file/d/1PW6oE9IqZ0BKuuByByJJV5OsunZKCDP2/view,https://drive.google.com/uc?export=download&id=1PW6oE9IqZ0BKuuByByJJV5OsunZKCDP2,1PW6oE9IqZ0BKuuByByJJV5OsunZKCDP2
531,BSEK_Karachi/9th_Class/Annual/BSEK_Karachi_9th_Class_Annual_2025_general.pdf,BSEK_Karachi_9th_Class_Annual_2025_general.pdf,665.9,https://drive.google.com/file/d/1MAlc4_sL9Lu4bZ2b_Cmz-gkXzKmknpJ7/view,https://drive.google.com/uc?export=download&id=1MAlc4_sL9Lu4bZ2b_Cmz-gkXzKmknpJ7,1MAlc4_sL9Lu4bZ2b_Cmz-gkXzKmknpJ7
532,BSEK_Karachi/9th_Class/Annual/BSEK_Karachi_9th_Class_Annual_2025_science.pdf,BSEK_Karachi_9th_Class_Annual_2025_science.pdf,3382.6,https://drive.google.com/file/d/11tG50CACsmKBj3tIzwRl0igqhw9KMGjg/view,https://drive.google.com/uc?export=download&id=11tG50CACsmKBj3tIzwRl0igqhw9KMGjg,11tG50CACsmKBj3tIzwRl0igqhw9KMGjg
533,BSEK_Karachi/9th_Class/Annual/BSEK_Karachi_9th_Class_Annual_2026.pdf,BSEK_Karachi_9th_Class_Annual_2026.pdf,9463.2,https://drive.google.com/file/d/1gJe2Rn2cHF5XEWVSWz54cc56rJtlEC_8/view,https://drive.google.com/uc?export=download&id=1gJe2Rn2cHF5XEWVSWz54cc56rJtlEC_8,1gJe2Rn2cHF5XEWVSWz54cc56rJtlEC_8
534,FBISE/10th_Class/2nd_Annual_Supply/FBISE_10th_Class_2nd_Annual_Supply_2022.pdf,FBISE_10th_Class_2nd_Annual_Supply_2022.pdf,2763.0,https://drive.google.com/file/d/1O68XhGZtVDTsXS8X7pME7SLHE2cAcYrS/view,https://drive.google.com/uc?export=download&id=1O68XhGZtVDTsXS8X7pME7SLHE2cAcYrS,1O68XhGZtVDTsXS8X7pME7SLHE2cAcYrS
535,FBISE/10th_Class/2nd_Annual_Supply/FBISE_10th_Class_2nd_Annual_Supply_2024.pdf,FBISE_10th_Class_2nd_Annual_Supply_2024.pdf,3081.4,https://drive.google.com/file/d/1s7Ilogop7MdDau_ROeuDbAMpLy0CXcu0/view,https://drive.google.com/uc?export=download&id=1s7Ilogop7MdDau_ROeuDbAMpLy0CXcu0,1s7Ilogop7MdDau_ROeuDbAMpLy0CXcu0
536,FBISE/10th_Class/Annual/FBISE_10th_Class_Annual_2014.pdf,FBISE_10th_Class_Annual_2014.pdf,5844.3,https://drive.google.com/file/d/1pej_XO3vShOjjOvh8DMJXx5EM7kLt4uS/view,https://drive.google.com/uc?export=download&id=1pej_XO3vShOjjOvh8DMJXx5EM7kLt4uS,1pej_XO3vShOjjOvh8DMJXx5EM7kLt4uS
537,FBISE/10th_Class/Annual/FBISE_10th_Class_Annual_2018.pdf,FBISE_10th_Class_Annual_2018.pdf,9065.4,https://drive.google.com/file/d/1x2VoSlXJ0zl7eZ_jufBzk4IqFv_jmMf_/view,https://drive.google.com/uc?export=download&id=1x2VoSlXJ0zl7eZ_jufBzk4IqFv_jmMf_,1x2VoSlXJ0zl7eZ_jufBzk4IqFv_jmMf_
538,FBISE/10th_Class/Annual/FBISE_10th_Class_Annual_2019.pdf,FBISE_10th_Class_Annual_2019.pdf,10102.8,https://drive.google.com/file/d/1sjWQCubgVfQH-rjGeqVA4qlcczBUvoZZ/view,https://drive.google.com/uc?export=download&id=1sjWQCubgVfQH-rjGeqVA4qlcczBUvoZZ,1sjWQCubgVfQH-rjGeqVA4qlcczBUvoZZ
539,FBISE/10th_Class/Annual/FBISE_10th_Class_Annual_2020.pdf,FBISE_10th_Class_Annual_2020.pdf,11014.7,https://drive.google.com/file/d/1bxnbeOIXpeRupACQ8BjRGTgN1WiONliy/view,https://drive.google.com/uc?export=download&id=1bxnbeOIXpeRupACQ8BjRGTgN1WiONliy,1bxnbeOIXpeRupACQ8BjRGTgN1WiONliy
540,FBISE/10th_Class/Annual/FBISE_10th_Class_Annual_2021.pdf,FBISE_10th_Class_Annual_2021.pdf,9322.9,https://drive.google.com/file/d/1Oasqzx1C10wwM4NS0wnYxl95lMT9U-tU/view,https://drive.google.com/uc?export=download&id=1Oasqzx1C10wwM4NS0wnYxl95lMT9U-tU,1Oasqzx1C10wwM4NS0wnYxl95lMT9U-tU
541,FBISE/10th_Class/Annual/FBISE_10th_Class_Annual_2022.pdf,FBISE_10th_Class_Annual_2022.pdf,14135.4,https://drive.google.com/file/d/196sZy1z0dQXiyAVluvR6wWKGNN75BFhS/view,https://drive.google.com/uc?export=download&id=196sZy1z0dQXiyAVluvR6wWKGNN75BFhS,196sZy1z0dQXiyAVluvR6wWKGNN75BFhS
542,FBISE/10th_Class/Annual/FBISE_10th_Class_Annual_2023.pdf,FBISE_10th_Class_Annual_2023.pdf,14244.2,https://drive.google.com/file/d/13SjPomKltFzO3pNCEp7un1IKfjxnZdY4/view,https://drive.google.com/uc?export=download&id=13SjPomKltFzO3pNCEp7un1IKfjxnZdY4,13SjPomKltFzO3pNCEp7un1IKfjxnZdY4
543,FBISE/10th_Class/Annual/FBISE_10th_Class_Annual_2024.pdf,FBISE_10th_Class_Annual_2024.pdf,20780.7,https://drive.google.com/file/d/1_4-HFB29gO5GgqmlZL5Y0O-EXqrhPlsg/view,https://drive.google.com/uc?export=download&id=1_4-HFB29gO5GgqmlZL5Y0O-EXqrhPlsg,1_4-HFB29gO5GgqmlZL5Y0O-EXqrhPlsg
544,FBISE/10th_Class/Annual/FBISE_10th_Class_Annual_2025.pdf,FBISE_10th_Class_Annual_2025.pdf,25436.2,https://drive.google.com/file/d/18VJACH6-o3zJzXCSszUrprnN92kuKSUJ/view,https://drive.google.com/uc?export=download&id=18VJACH6-o3zJzXCSszUrprnN92kuKSUJ,18VJACH6-o3zJzXCSszUrprnN92kuKSUJ
545,FBISE/10th_Class/Annual/FBISE_10th_Class_Annual_2025_2nd-annual.pdf,FBISE_10th_Class_Annual_2025_2nd-annual.pdf,2275.8,https://drive.google.com/file/d/1-hnJasGyn3EiKQU2MsU57J2MjLbqbd7g/view,https://drive.google.com/uc?export=download&id=1-hnJasGyn3EiKQU2MsU57J2MjLbqbd7g,1-hnJasGyn3EiKQU2MsU57J2MjLbqbd7g
546,FBISE/10th_Class/Annual/FBISE_10th_Class_Annual_2026.pdf,FBISE_10th_Class_Annual_2026.pdf,21155.4,https://drive.google.com/file/d/1Ufd6ryZ5nqRtkFRlTMQZ9ltzeKFARGxp/view,https://drive.google.com/uc?export=download&id=1Ufd6ryZ5nqRtkFRlTMQZ9ltzeKFARGxp,1Ufd6ryZ5nqRtkFRlTMQZ9ltzeKFARGxp
547,FBISE/11th_Class/2nd_Annual_Supply/FBISE_11th_Class_2nd_Annual_Supply_2022.pdf,FBISE_11th_Class_2nd_Annual_Supply_2022.pdf,4616.0,https://drive.google.com/file/d/1ZVFbtwVm5iKaz_7SnNcPOuAbaqso5KYu/view,https://drive.google.com/uc?export=download&id=1ZVFbtwVm5iKaz_7SnNcPOuAbaqso5KYu,1ZVFbtwVm5iKaz_7SnNcPOuAbaqso5KYu
548,FBISE/11th_Class/2nd_Annual_Supply/FBISE_11th_Class_2nd_Annual_Supply_2024.pdf,FBISE_11th_Class_2nd_Annual_Supply_2024.pdf,8545.1,https://drive.google.com/file/d/1hA4p2SjcA87H-idnhfbQBhsodI5020tU/view,https://drive.google.com/uc?export=download&id=1hA4p2SjcA87H-idnhfbQBhsodI5020tU,1hA4p2SjcA87H-idnhfbQBhsodI5020tU
549,FBISE/11th_Class/2nd_Annual_Supply/FBISE_11th_Class_2nd_Annual_Supply_2025.pdf,FBISE_11th_Class_2nd_Annual_Supply_2025.pdf,6619.5,https://drive.google.com/file/d/1Zr2G4ZDwNCeNwuiyQHI5UzT2L6X1NFLN/view,https://drive.google.com/uc?export=download&id=1Zr2G4ZDwNCeNwuiyQHI5UzT2L6X1NFLN,1Zr2G4ZDwNCeNwuiyQHI5UzT2L6X1NFLN
550,FBISE/11th_Class/2nd_Annual_Supply/FBISE_11th_Class_2nd_Annual_Supply_2026.pdf,FBISE_11th_Class_2nd_Annual_Supply_2026.pdf,6619.5,https://drive.google.com/file/d/14Mqnx7MgLdfx1LfJl6BXnxyD-GDKXm5D/view,https://drive.google.com/uc?export=download&id=14Mqnx7MgLdfx1LfJl6BXnxyD-GDKXm5D,14Mqnx7MgLdfx1LfJl6BXnxyD-GDKXm5D
551,FBISE/11th_Class/Annual/FBISE_11th_Class_Annual_2019.pdf,FBISE_11th_Class_Annual_2019.pdf,8299.5,https://drive.google.com/file/d/1BnNDcqGb-j0WC5IBANBYRDRH3xM9e7_M/view,https://drive.google.com/uc?export=download&id=1BnNDcqGb-j0WC5IBANBYRDRH3xM9e7_M,1BnNDcqGb-j0WC5IBANBYRDRH3xM9e7_M
552,FBISE/11th_Class/Annual/FBISE_11th_Class_Annual_2021.pdf,FBISE_11th_Class_Annual_2021.pdf,19100.3,https://drive.google.com/file/d/1uOOeCLFaPG6x1qOs9-nDXWzdkki_b_Zi/view,https://drive.google.com/uc?export=download&id=1uOOeCLFaPG6x1qOs9-nDXWzdkki_b_Zi,1uOOeCLFaPG6x1qOs9-nDXWzdkki_b_Zi
553,FBISE/11th_Class/Annual/FBISE_11th_Class_Annual_2022.pdf,FBISE_11th_Class_Annual_2022.pdf,8488.5,https://drive.google.com/file/d/1sQ7i2oLNrktD06MhEngj57n5fbpaw9px/view,https://drive.google.com/uc?export=download&id=1sQ7i2oLNrktD06MhEngj57n5fbpaw9px,1sQ7i2oLNrktD06MhEngj57n5fbpaw9px
554,FBISE/11th_Class/Annual/FBISE_11th_Class_Annual_2023.pdf,FBISE_11th_Class_Annual_2023.pdf,8687.1,https://drive.google.com/file/d/1kr-eQtK0gauxfKNK9mEVmt_gnxysQDNM/view,https://drive.google.com/uc?export=download&id=1kr-eQtK0gauxfKNK9mEVmt_gnxysQDNM,1kr-eQtK0gauxfKNK9mEVmt_gnxysQDNM
555,FBISE/11th_Class/Annual/FBISE_11th_Class_Annual_2024.pdf,FBISE_11th_Class_Annual_2024.pdf,12975.2,https://drive.google.com/file/d/1f9B4ekF2XVHVQx8BRIlYeGs8x_UONigq/view,https://drive.google.com/uc?export=download&id=1f9B4ekF2XVHVQx8BRIlYeGs8x_UONigq,1f9B4ekF2XVHVQx8BRIlYeGs8x_UONigq
556,FBISE/11th_Class/Annual/FBISE_11th_Class_Annual_2025.pdf,FBISE_11th_Class_Annual_2025.pdf,15034.0,https://drive.google.com/file/d/1AV4UHx0SWdLNTjny86XKHnzoUIbTyPSS/view,https://drive.google.com/uc?export=download&id=1AV4UHx0SWdLNTjny86XKHnzoUIbTyPSS,1AV4UHx0SWdLNTjny86XKHnzoUIbTyPSS
557,FBISE/11th_Class/Annual/FBISE_11th_Class_Annual_2026.pdf,FBISE_11th_Class_Annual_2026.pdf,13531.4,https://drive.google.com/file/d/1W3J4nPowybMBmgAdWQ6DgRG1utw9WWvY/view,https://drive.google.com/uc?export=download&id=1W3J4nPowybMBmgAdWQ6DgRG1utw9WWvY,1W3J4nPowybMBmgAdWQ6DgRG1utw9WWvY
558,FBISE/12th_Class/2nd_Annual_Supply/FBISE_12th_Class_2nd_Annual_Supply_2022.pdf,FBISE_12th_Class_2nd_Annual_Supply_2022.pdf,2735.2,https://drive.google.com/file/d/1kVA-8Owz9tXTc7twJ3ZJGD1nwIiXVEWW/view,https://drive.google.com/uc?export=download&id=1kVA-8Owz9tXTc7twJ3ZJGD1nwIiXVEWW,1kVA-8Owz9tXTc7twJ3ZJGD1nwIiXVEWW
559,FBISE/12th_Class/2nd_Annual_Supply/FBISE_12th_Class_2nd_Annual_Supply_2024.pdf,FBISE_12th_Class_2nd_Annual_Supply_2024.pdf,4033.8,https://drive.google.com/file/d/1y-SUrCvtTC3gGOxDjir4Ue6vLSl5hNHR/view,https://drive.google.com/uc?export=download&id=1y-SUrCvtTC3gGOxDjir4Ue6vLSl5hNHR,1y-SUrCvtTC3gGOxDjir4Ue6vLSl5hNHR
560,FBISE/12th_Class/2nd_Annual_Supply/FBISE_12th_Class_2nd_Annual_Supply_2025.pdf,FBISE_12th_Class_2nd_Annual_Supply_2025.pdf,4912.3,https://drive.google.com/file/d/1SB7aP_Knc9YNLovxwvr_uCtfeHBe1wpV/view,https://drive.google.com/uc?export=download&id=1SB7aP_Knc9YNLovxwvr_uCtfeHBe1wpV,1SB7aP_Knc9YNLovxwvr_uCtfeHBe1wpV
561,FBISE/12th_Class/2nd_Annual_Supply/FBISE_12th_Class_2nd_Annual_Supply_2026.pdf,FBISE_12th_Class_2nd_Annual_Supply_2026.pdf,4912.3,https://drive.google.com/file/d/1lTNjhT7uxs2NDsCJAYrT7pSZulm5NwiH/view,https://drive.google.com/uc?export=download&id=1lTNjhT7uxs2NDsCJAYrT7pSZulm5NwiH,1lTNjhT7uxs2NDsCJAYrT7pSZulm5NwiH
562,FBISE/12th_Class/Annual/FBISE_12th_Class_Annual_2018.pdf,FBISE_12th_Class_Annual_2018.pdf,7827.7,https://drive.google.com/file/d/1n5OiBajUB77qe78FeC5AwEnhNp1qjvS6/view,https://drive.google.com/uc?export=download&id=1n5OiBajUB77qe78FeC5AwEnhNp1qjvS6,1n5OiBajUB77qe78FeC5AwEnhNp1qjvS6
563,FBISE/12th_Class/Annual/FBISE_12th_Class_Annual_2020.pdf,FBISE_12th_Class_Annual_2020.pdf,6330.6,https://drive.google.com/file/d/1EP8Sd0fqMIncNZfArTOa8S66gydeoomA/view,https://drive.google.com/uc?export=download&id=1EP8Sd0fqMIncNZfArTOa8S66gydeoomA,1EP8Sd0fqMIncNZfArTOa8S66gydeoomA
564,FBISE/12th_Class/Annual/FBISE_12th_Class_Annual_2021.pdf,FBISE_12th_Class_Annual_2021.pdf,21486.2,https://drive.google.com/file/d/16Kc50uD51R-27xz7_kgulCYubj3bo-tW/view,https://drive.google.com/uc?export=download&id=16Kc50uD51R-27xz7_kgulCYubj3bo-tW,16Kc50uD51R-27xz7_kgulCYubj3bo-tW
565,FBISE/12th_Class/Annual/FBISE_12th_Class_Annual_2022.pdf,FBISE_12th_Class_Annual_2022.pdf,9122.3,https://drive.google.com/file/d/1gS3appP5rapRVGR6AXeaHTSmtxTyKC7p/view,https://drive.google.com/uc?export=download&id=1gS3appP5rapRVGR6AXeaHTSmtxTyKC7p,1gS3appP5rapRVGR6AXeaHTSmtxTyKC7p
566,FBISE/12th_Class/Annual/FBISE_12th_Class_Annual_2023.pdf,FBISE_12th_Class_Annual_2023.pdf,10233.9,https://drive.google.com/file/d/1dqVqBrg8Sm-MEoEpuryl-f4UV5fSVmSF/view,https://drive.google.com/uc?export=download&id=1dqVqBrg8Sm-MEoEpuryl-f4UV5fSVmSF,1dqVqBrg8Sm-MEoEpuryl-f4UV5fSVmSF
567,FBISE/12th_Class/Annual/FBISE_12th_Class_Annual_2024.pdf,FBISE_12th_Class_Annual_2024.pdf,15355.3,https://drive.google.com/file/d/1_OSm8BsgbUvx6fksNeHNAUBX4rcuPkmD/view,https://drive.google.com/uc?export=download&id=1_OSm8BsgbUvx6fksNeHNAUBX4rcuPkmD,1_OSm8BsgbUvx6fksNeHNAUBX4rcuPkmD
568,FBISE/12th_Class/Annual/FBISE_12th_Class_Annual_2025.pdf,FBISE_12th_Class_Annual_2025.pdf,18786.2,https://drive.google.com/file/d/1txol5STv86COBh7QBr0JhAkZSQFM1mZ0/view,https://drive.google.com/uc?export=download&id=1txol5STv86COBh7QBr0JhAkZSQFM1mZ0,1txol5STv86COBh7QBr0JhAkZSQFM1mZ0
569,FBISE/12th_Class/Annual/FBISE_12th_Class_Annual_2026.pdf,FBISE_12th_Class_Annual_2026.pdf,15935.7,https://drive.google.com/file/d/15moTYLnKCE8IOJGE93NKUaHUei5Ca-Jo/view,https://drive.google.com/uc?export=download&id=15moTYLnKCE8IOJGE93NKUaHUei5Ca-Jo,15moTYLnKCE8IOJGE93NKUaHUei5Ca-Jo
570,FBISE/12th_Class/Special/FBISE_12th_Class_Special_2020.pdf,FBISE_12th_Class_Special_2020.pdf,13473.8,https://drive.google.com/file/d/1F0Vh7PWvfpSbjreB49B2iPPiK04TM27X/view,https://drive.google.com/uc?export=download&id=1F0Vh7PWvfpSbjreB49B2iPPiK04TM27X,1F0Vh7PWvfpSbjreB49B2iPPiK04TM27X
571,FBISE/9th_Class/2nd_Annual_Supply/FBISE_9th_Class_2nd_Annual_Supply_2018.pdf,FBISE_9th_Class_2nd_Annual_Supply_2018.pdf,4173.4,https://drive.google.com/file/d/19qU0IlddrPgAlV92Tg6TDMn0h_zefAg4/view,https://drive.google.com/uc?export=download&id=19qU0IlddrPgAlV92Tg6TDMn0h_zefAg4,19qU0IlddrPgAlV92Tg6TDMn0h_zefAg4
572,FBISE/9th_Class/2nd_Annual_Supply/FBISE_9th_Class_2nd_Annual_Supply_2022.pdf,FBISE_9th_Class_2nd_Annual_Supply_2022.pdf,5372.3,https://drive.google.com/file/d/1w3j3ezcq_5Ibpf8Yrp6r-Lo9EePkp0ol/view,https://drive.google.com/uc?export=download&id=1w3j3ezcq_5Ibpf8Yrp6r-Lo9EePkp0ol,1w3j3ezcq_5Ibpf8Yrp6r-Lo9EePkp0ol
573,FBISE/9th_Class/2nd_Annual_Supply/FBISE_9th_Class_2nd_Annual_Supply_2024.pdf,FBISE_9th_Class_2nd_Annual_Supply_2024.pdf,9849.8,https://drive.google.com/file/d/1Rhj8EskFZkwt5S0Bws6TMyPQNk9aoXgA/view,https://drive.google.com/uc?export=download&id=1Rhj8EskFZkwt5S0Bws6TMyPQNk9aoXgA,1Rhj8EskFZkwt5S0Bws6TMyPQNk9aoXgA
574,FBISE/9th_Class/2nd_Annual_Supply/FBISE_9th_Class_2nd_Annual_Supply_2025.pdf,FBISE_9th_Class_2nd_Annual_Supply_2025.pdf,6351.1,https://drive.google.com/file/d/1zhD62WO82GmVS0JC0m4lEVS43N_EGwAw/view,https://drive.google.com/uc?export=download&id=1zhD62WO82GmVS0JC0m4lEVS43N_EGwAw,1zhD62WO82GmVS0JC0m4lEVS43N_EGwAw
575,FBISE/9th_Class/Annual/FBISE_9th_Class_Annual_2019.pdf,FBISE_9th_Class_Annual_2019.pdf,7106.3,https://drive.google.com/file/d/166NxFQN0YTJ0gVbJI4auDx4oe3vnAGk2/view,https://drive.google.com/uc?export=download&id=166NxFQN0YTJ0gVbJI4auDx4oe3vnAGk2,166NxFQN0YTJ0gVbJI4auDx4oe3vnAGk2
576,FBISE/9th_Class/Annual/FBISE_9th_Class_Annual_2021.pdf,FBISE_9th_Class_Annual_2021.pdf,11786.5,https://drive.google.com/file/d/1QEoN_sPupDeNMZdu96bjiWrdTp7TE90O/view,https://drive.google.com/uc?export=download&id=1QEoN_sPupDeNMZdu96bjiWrdTp7TE90O,1QEoN_sPupDeNMZdu96bjiWrdTp7TE90O
577,FBISE/9th_Class/Annual/FBISE_9th_Class_Annual_2022.pdf,FBISE_9th_Class_Annual_2022.pdf,13223.8,https://drive.google.com/file/d/1PW-plIZxxWdhZ76uJnIrziHhoxRzb17s/view,https://drive.google.com/uc?export=download&id=1PW-plIZxxWdhZ76uJnIrziHhoxRzb17s,1PW-plIZxxWdhZ76uJnIrziHhoxRzb17s
578,FBISE/9th_Class/Annual/FBISE_9th_Class_Annual_2023.pdf,FBISE_9th_Class_Annual_2023.pdf,10233.1,https://drive.google.com/file/d/1Qfb9XadxHliL6agELWaZP791sqe48YA5/view,https://drive.google.com/uc?export=download&id=1Qfb9XadxHliL6agELWaZP791sqe48YA5,1Qfb9XadxHliL6agELWaZP791sqe48YA5
579,FBISE/9th_Class/Annual/FBISE_9th_Class_Annual_2024.pdf,FBISE_9th_Class_Annual_2024.pdf,19121.6,https://drive.google.com/file/d/1r2gkGQwROOW_M0nAhl9OTkFaUYkBjBNF/view,https://drive.google.com/uc?export=download&id=1r2gkGQwROOW_M0nAhl9OTkFaUYkBjBNF,1r2gkGQwROOW_M0nAhl9OTkFaUYkBjBNF
580,FBISE/9th_Class/Annual/FBISE_9th_Class_Annual_2025.pdf,FBISE_9th_Class_Annual_2025.pdf,17333.7,https://drive.google.com/file/d/19gSsh5mhbud2PMHSrWBVan7l4TMxTQVy/view,https://drive.google.com/uc?export=download&id=19gSsh5mhbud2PMHSrWBVan7l4TMxTQVy,19gSsh5mhbud2PMHSrWBVan7l4TMxTQVy
581,FBISE/9th_Class/Annual/FBISE_9th_Class_Annual_2026.pdf,FBISE_9th_Class_Annual_2026.pdf,11149.3,https://drive.google.com/file/d/1V5EcHpPkYuTNKwk4e0VHtPn6o6_AlVI3/view,https://drive.google.com/uc?export=download&id=1V5EcHpPkYuTNKwk4e0VHtPn6o6_AlVI3,1V5EcHpPkYuTNKwk4e0VHtPn6o6_AlVI3
